#  (c) Copyright 2022 Xilinx, Inc. All rights reserved.,,,,,
# ,,,,,
#  This file contains confidential and proprietary information,,,,,
#  of Xilinx, Inc. and is protected under U.S. and,,,,,
#  international copyright and other intellectual property,,,,,
#  laws.,,,,,
# ,,,,,
#  DISCLAIMER,,,,,
#  This disclaimer is not a license and does not grant any,,,,,
#  rights to the materials distributed herewith. Except as,,,,,
#  otherwise provided in a valid license issued to you by,,,,,
#  Xilinx, and to the maximum extent permitted by applicable,,,,,
#  law: (1) THESE MATERIALS ARE MADE AVAILABLE "AS IS" AND,,,,,
#  WITH ALL FAULTS, AND XILINX HEREBY DISCLAIMS ALL WARRANTIES,,,,,
#  AND CONDITIONS, EXPRESS, IMPLIED, OR STATUTORY, INCLUDING,,,,,
#  BUT NOT LIMITED TO WARRANTIES OF MERCHANTABILITY, NON-,,,,,
#  INFRINGEMENT, OR FITNESS FOR ANY PARTICULAR PURPOSE; and,,,,,
#  (2) Xilinx shall not be liable (whether in contract or tort,,,,,,
#  including negligence, or under any other theory of,,,,,
#  liability) for any loss or damage of any kind or nature,,,,,
#  related to, arising under or in connection with these,,,,,
#  materials, including for any direct, or any indirect,,,,,,
#  special, incidental, or consequential loss or damage,,,,,
#  (including loss of data, profits, goodwill, or any type of,,,,,
#  loss or damage suffered as a result of any action brought,,,,,
#  by a third party) even if such damage or loss was,,,,,
#  reasonably foreseeable or Xilinx had been advised of the,,,,,
#  possibility of the same.,,,,,
# ,,,,,
#  CRITICAL APPLICATIONS,,,,,
#  Xilinx products are not designed or intended to be fail-,,,,,
#  safe, or for use in any application requiring fail-safe,,,,,
#  performance, such as life-support or safety devices or,,,,,
#  systems, Class III medical devices, nuclear facilities,,,,,,
#  applications related to the deployment of airbags, or any,,,,,
#  other applications that could lead to death, personal,,,,,
#  injury, or severe property or environmental damage,,,,,
#  (individually and collectively, "Critical,,,,,
#  Applications"). Customer assumes the sole risk and,,,,,
#  liability of any use of Xilinx products in Critical,,,,,
#  Applications, subject only to applicable laws and,,,,,
#  regulations governing limitations on product liability.,,,,,
# ,,,,,
#  THIS COPYRIGHT NOTICE AND DISCLAIMER MUST BE RETAINED AS,,,,,
#  PART OF THIS FILE AT ALL TIMES.,,,,,
# ,,,,,
#----------------------------------------------------------------------,,,,,
#  ASCII Pinout File,,,,,
# ,,,,,
#  Device   : xqrku060cna1509,,,,,
#  Date     : 1/6/2022 16:29:02,,,,,
#  Revision : 1.2 ,,,,,
#  Status   : Production,,,,,
# ,,,,,
#  These package specifications are released coincident with production,,,,,
#  release of a particular device. Customers receive formal notification,,,,,
#  of any subsequent changes.,,,,,
# ,,,,,
#----------------------------------------------------------------------,,,,,
#  Modification History,,,,,
# | Date              : Mon Jun 04 2018,,,,,
# | Revision          : 0.1 ,,,,,
# | Status            : Evaluation_Only ,,,,,
# | Details           : Initial Pkg file ,,,,,
#-----------------------------------------------------------------------------,,,,,
# | Date              : Wed Sep 26 2018,,,,,
# | Revision          : 0.2 ,,,,,
# | Status            : Evaluation_Only ,,,,,
# | Details           : Change PKG Label VCCINT_IO to VCCINT,,,,,
#-----------------------------------------------------------------------------,,,,,
# | Date              : Tue Oct 30 2018,,,,,
# | Revision          : 0.3 ,,,,,
# | Status            : Evaluation_Only ,,,,,
# | Details           : Add net VCCINT_SENSE and GND_SENSE in pkg file ,,,,,
#-----------------------------------------------------------------------------,,,,,
# | Date              : Tue Oct 30 2018,,,,,
# | Revision          : 1.0 ,,,,,
# | Status            : Engineering_Sample ,,,,,
# | Details           : Moved to Engineering sample ,,,,,
#-----------------------------------------------------------------------------,,,,,
# | Date              : Thr Nov 29 2018,,,,,
# | Revision          : 1.1 ,,,,,
# | Status            : Engineering_Sample ,,,,,
# | Details           : Make VP/VN pin, VREF_* as pkgpin & PAD<x> as PADx ,,,,,
#-----------------------------------------------------------------------------,,,,,
# | Date              : Tue Jan 6 2022,,,,,
# | Revision          : 1.2 ,,,,,
# | Status            : Production,,,,,
# | Details           : Moved to Production,,,,,
#-----------------------------------------------------------------------------,,,,,
,,,,,
Pin,Pin Name,Memory Byte Group,Bank,I/O Type,Super Logic Region
AB15,DXN,NA,NA,NA,NA
W16,VCCADC,NA,NA,NA,NA
W15,GNDADC,NA,NA,NA,NA
AB16,DXP,NA,NA,NA,NA
AA16,VREFP,NA,NA,NA,NA
Y15,VREFN,NA,NA,NA,NA
Y16,VP,NA,NA,NA,NA
AA15,VN,NA,NA,NA,NA
T9,M0_0,NA,0,CONFIG,NA
U9,M1_0,NA,0,CONFIG,NA
R11,INIT_B_0,NA,0,CONFIG,NA
V9,M2_0,NA,0,CONFIG,NA
W9,CFGBVS_0,NA,0,CONFIG,NA
P11,PUDC_B_0,NA,0,CONFIG,NA
Y9,POR_OVERRIDE,NA,NA,NA,NA
AF11,DONE_0,NA,0,CONFIG,NA
AA9,PROGRAM_B_0,NA,0,CONFIG,NA
T10,TDO_0,NA,0,CONFIG,NA
U11,TDI_0,NA,0,CONFIG,NA
AB9,RDWR_FCS_B_0,NA,0,CONFIG,NA
AC9,D02_0,NA,0,CONFIG,NA
AE11,D00_MOSI_0,NA,0,CONFIG,NA
AD9,D03_0,NA,0,CONFIG,NA
AD10,D01_DIN_0,NA,0,CONFIG,NA
W11,TMS_0,NA,0,CONFIG,NA
AC11,CCLK_0,NA,0,CONFIG,NA
AA11,TCK_0,NA,0,CONFIG,NA
AG11,VBATT,NA,NA,NA,NA
AE28,IO_L24P_T3U_N10_24,3U,24,HP,NA
AF28,IO_L24N_T3U_N11_24,3U,24,HP,NA
AG30,IO_T3U_N12_24,3U,24,HP,NA
AF29,IO_L23P_T3U_N8_24,3U,24,HP,NA
AG29,IO_L23N_T3U_N9_24,3U,24,HP,NA
AH28,IO_L22P_T3U_N6_DBC_AD0P_24,3U,24,HP,NA
AJ28,IO_L22N_T3U_N7_DBC_AD0N_24,3U,24,HP,NA
AE30,IO_L21P_T3L_N4_AD8P_24,3L,24,HP,NA
AF30,IO_L21N_T3L_N5_AD8N_24,3L,24,HP,NA
AH31,IO_L20P_T3L_N2_AD1P_24,3L,24,HP,NA
AH32,IO_L20N_T3L_N3_AD1N_24,3L,24,HP,NA
AH29,IO_L19P_T3L_N0_DBC_AD9P_24,3L,24,HP,NA
AJ29,IO_L19N_T3L_N1_DBC_AD9N_24,3L,24,HP,NA
AJ33,IO_L18P_T2U_N10_AD2P_24,2U,24,HP,NA
AK33,IO_L18N_T2U_N11_AD2N_24,2U,24,HP,NA
AJ31,IO_L17P_T2U_N8_AD10P_24,2U,24,HP,NA
AK31,IO_L17N_T2U_N9_AD10N_24,2U,24,HP,NA
AK32,IO_L16P_T2U_N6_QBC_AD3P_24,2U,24,HP,NA
AL32,IO_L16N_T2U_N7_QBC_AD3N_24,2U,24,HP,NA
AJ30,IO_L15P_T2L_N4_AD11P_24,2L,24,HP,NA
AK30,IO_L15N_T2L_N5_AD11N_24,2L,24,HP,NA
AL29,IO_L14P_T2L_N2_GC_24,2L,24,HP,NA
AM29,IO_L14N_T2L_N3_GC_24,2L,24,HP,NA
AL33,IO_T2U_N12_24,2U,24,HP,NA
AL30,IO_L13P_T2L_N0_GC_QBC_24,2L,24,HP,NA
AM30,IO_L13N_T2L_N1_GC_QBC_24,2L,24,HP,NA
AM31,IO_L12P_T1U_N10_GC_24,1U,24,HP,NA
AN31,IO_L12N_T1U_N11_GC_24,1U,24,HP,NA
AN29,IO_T1U_N12_24,1U,24,HP,NA
AM32,IO_L11P_T1U_N8_GC_24,1U,24,HP,NA
AN32,IO_L11N_T1U_N9_GC_24,1U,24,HP,NA
AP29,IO_L10P_T1U_N6_QBC_AD4P_24,1U,24,HP,NA
AR30,IO_L10N_T1U_N7_QBC_AD4N_24,1U,24,HP,NA
AR31,IO_L9P_T1L_N4_AD12P_24,1L,24,HP,NA
AR32,IO_L9N_T1L_N5_AD12N_24,1L,24,HP,NA
AP30,IO_L8P_T1L_N2_AD5P_24,1L,24,HP,NA
AP31,IO_L8N_T1L_N3_AD5N_24,1L,24,HP,NA
AN33,IO_L7P_T1L_N0_QBC_AD13P_24,1L,24,HP,NA
AP33,IO_L7N_T1L_N1_QBC_AD13N_24,1L,24,HP,NA
AT29,IO_L6P_T0U_N10_AD6P_24,0U,24,HP,NA
AT30,IO_L6N_T0U_N11_AD6N_24,0U,24,HP,NA
AU31,IO_L5P_T0U_N8_AD14P_24,0U,24,HP,NA
AV31,IO_L5N_T0U_N9_AD14N_24,0U,24,HP,NA
AU29,IO_L4P_T0U_N6_DBC_AD7P_24,0U,24,HP,NA
AU30,IO_L4N_T0U_N7_DBC_AD7N_24,0U,24,HP,NA
AW30,IO_L3P_T0L_N4_AD15P_24,0L,24,HP,NA
AW31,IO_L3N_T0L_N5_AD15N_24,0L,24,HP,NA
AV29,IO_L2P_T0L_N2_24,0L,24,HP,NA
AW29,IO_L2N_T0L_N3_24,0L,24,HP,NA
AT32,IO_T0U_N12_VRP_24,0U,24,HP,NA
AU32,IO_L1P_T0L_N0_DBC_24,0L,24,HP,NA
AV32,IO_L1N_T0L_N1_DBC_24,0L,24,HP,NA
AD28,VREF_24,NA,24,HP,NA
AL39,IO_L24P_T3U_N10_25,3U,25,HP,NA
AM39,IO_L24N_T3U_N11_25,3U,25,HP,NA
AJ39,IO_T3U_N12_25,3U,25,HP,NA
AK35,IO_L23P_T3U_N8_25,3U,25,HP,NA
AK36,IO_L23N_T3U_N9_25,3U,25,HP,NA
AK37,IO_L22P_T3U_N6_DBC_AD0P_25,3U,25,HP,NA
AK38,IO_L22N_T3U_N7_DBC_AD0N_25,3U,25,HP,NA
AL34,IO_L21P_T3L_N4_AD8P_25,3L,25,HP,NA
AL35,IO_L21N_T3L_N5_AD8N_25,3L,25,HP,NA
AL37,IO_L20P_T3L_N2_AD1P_25,3L,25,HP,NA
AL38,IO_L20N_T3L_N3_AD1N_25,3L,25,HP,NA
AM36,IO_L19P_T3L_N0_DBC_AD9P_25,3L,25,HP,NA
AM37,IO_L19N_T3L_N1_DBC_AD9N_25,3L,25,HP,NA
AN39,IO_L18P_T2U_N10_AD2P_25,2U,25,HP,NA
AP39,IO_L18N_T2U_N11_AD2N_25,2U,25,HP,NA
AM34,IO_L17P_T2U_N8_AD10P_25,2U,25,HP,NA
AM35,IO_L17N_T2U_N9_AD10N_25,2U,25,HP,NA
AN38,IO_L16P_T2U_N6_QBC_AD3P_25,2U,25,HP,NA
AP38,IO_L16N_T2U_N7_QBC_AD3N_25,2U,25,HP,NA
AN34,IO_L15P_T2L_N4_AD11P_25,2L,25,HP,NA
AP34,IO_L15N_T2L_N5_AD11N_25,2L,25,HP,NA
AN36,IO_L14P_T2L_N2_GC_25,2L,25,HP,NA
AN37,IO_L14N_T2L_N3_GC_25,2L,25,HP,NA
AP35,IO_T2U_N12_25,2U,25,HP,NA
AP36,IO_L13P_T2L_N0_GC_QBC_25,2L,25,HP,NA
AR36,IO_L13N_T2L_N1_GC_QBC_25,2L,25,HP,NA
AR38,IO_L12P_T1U_N10_GC_25,1U,25,HP,NA
AT38,IO_L12N_T1U_N11_GC_25,1U,25,HP,NA
AR37,IO_L11P_T1U_N8_GC_25,1U,25,HP,NA
AT37,IO_L11N_T1U_N9_GC_25,1U,25,HP,NA
AT39,IO_L10P_T1U_N6_QBC_AD4P_25,1U,25,HP,NA
AU39,IO_L10N_T1U_N7_QBC_AD4N_25,1U,25,HP,NA
AU37,IO_L9P_T1L_N4_AD12P_25,1L,25,HP,NA
AV37,IO_L9N_T1L_N5_AD12N_25,1L,25,HP,NA
AV38,IO_L8P_T1L_N2_AD5P_25,1L,25,HP,NA
AU36,IO_L7P_T1L_N0_QBC_AD13P_25,1L,25,HP,NA
AV36,IO_L7N_T1L_N1_QBC_AD13N_25,1L,25,HP,NA
AT35,IO_L6P_T0U_N10_AD6P_25,0U,25,HP,NA
AU35,IO_L6N_T0U_N11_AD6N_25,0U,25,HP,NA
AR33,IO_L5P_T0U_N8_AD14P_25,0U,25,HP,NA
AT33,IO_L5N_T0U_N9_AD14N_25,0U,25,HP,NA
AW35,IO_L4P_T0U_N6_DBC_AD7P_25,0U,25,HP,NA
AW36,IO_L4N_T0U_N7_DBC_AD7N_25,0U,25,HP,NA
AT34,IO_L3P_T0L_N4_AD15P_25,0L,25,HP,NA
AU34,IO_L3N_T0L_N5_AD15N_25,0L,25,HP,NA
AV33,IO_L2P_T0L_N2_25,0L,25,HP,NA
AV34,IO_L2N_T0L_N3_25,0L,25,HP,NA
AR35,IO_T0U_N12_VRP_25,0U,25,HP,NA
AW33,IO_L1P_T0L_N0_DBC_25,0L,25,HP,NA
AW34,IO_L1N_T0L_N1_DBC_25,0L,25,HP,NA
AJ34,VREF_25,NA,25,HP,NA
AD20,IO_L24P_T3U_N10_44,3U,44,HP,NA
AD21,IO_L24N_T3U_N11_44,3U,44,HP,NA
AH21,IO_T3U_N12_44,3U,44,HP,NA
AE23,IO_L23P_T3U_N8_44,3U,44,HP,NA
AF23,IO_L23N_T3U_N9_44,3U,44,HP,NA
AE20,IO_L22P_T3U_N6_DBC_AD0P_44,3U,44,HP,NA
AE21,IO_L22N_T3U_N7_DBC_AD0N_44,3U,44,HP,NA
AE22,IO_L21P_T3L_N4_AD8P_44,3L,44,HP,NA
AF22,IO_L21N_T3L_N5_AD8N_44,3L,44,HP,NA
AF20,IO_L20P_T3L_N2_AD1P_44,3L,44,HP,NA
AG20,IO_L20N_T3L_N3_AD1N_44,3L,44,HP,NA
AG21,IO_L19P_T3L_N0_DBC_AD9P_44,3L,44,HP,NA
AG22,IO_L19N_T3L_N1_DBC_AD9N_44,3L,44,HP,NA
AH22,IO_L18P_T2U_N10_AD2P_44,2U,44,HP,NA
AH23,IO_L18N_T2U_N11_AD2N_44,2U,44,HP,NA
AK20,IO_L17P_T2U_N8_AD10P_44,2U,44,HP,NA
AK21,IO_L17N_T2U_N9_AD10N_44,2U,44,HP,NA
AJ20,IO_L16P_T2U_N6_QBC_AD3P_44,2U,44,HP,NA
AJ21,IO_L16N_T2U_N7_QBC_AD3N_44,2U,44,HP,NA
AL20,IO_L15P_T2L_N4_AD11P_44,2L,44,HP,NA
AM20,IO_L15N_T2L_N5_AD11N_44,2L,44,HP,NA
AK22,IO_L14P_T2L_N2_GC_44,2L,44,HP,NA
AL22,IO_L14N_T2L_N3_GC_44,2L,44,HP,NA
AJ23,IO_T2U_N12_44,2U,44,HP,NA
AK23,IO_L13P_T2L_N0_GC_QBC_44,2L,44,HP,NA
AL23,IO_L13N_T2L_N1_GC_QBC_44,2L,44,HP,NA
AM21,IO_L12P_T1U_N10_GC_44,1U,44,HP,NA
AN21,IO_L12N_T1U_N11_GC_44,1U,44,HP,NA
AP20,IO_T1U_N12_44,1U,44,HP,NA
AM22,IO_L11P_T1U_N8_GC_44,1U,44,HP,NA
AN22,IO_L11N_T1U_N9_GC_44,1U,44,HP,NA
AP21,IO_L10P_T1U_N6_QBC_AD4P_44,1U,44,HP,NA
AR21,IO_L10N_T1U_N7_QBC_AD4N_44,1U,44,HP,NA
AN23,IO_L9P_T1L_N4_AD12P_44,1L,44,HP,NA
AP23,IO_L9N_T1L_N5_AD12N_44,1L,44,HP,NA
AR22,IO_L8P_T1L_N2_AD5P_44,1L,44,HP,NA
AR23,IO_L8N_T1L_N3_AD5N_44,1L,44,HP,NA
AN24,IO_L7P_T1L_N0_QBC_AD13P_44,1L,44,HP,NA
AP24,IO_L7N_T1L_N1_QBC_AD13N_44,1L,44,HP,NA
AT22,IO_L6P_T0U_N10_AD6P_44,0U,44,HP,NA
AU22,IO_L6N_T0U_N11_AD6N_44,0U,44,HP,NA
AT23,IO_L5P_T0U_N8_AD14P_44,0U,44,HP,NA
AT24,IO_L5N_T0U_N9_AD14N_44,0U,44,HP,NA
AU21,IO_L4P_T0U_N6_DBC_AD7P_44,0U,44,HP,NA
AV22,IO_L4N_T0U_N7_DBC_AD7N_44,0U,44,HP,NA
AV23,IO_L3P_T0L_N4_AD15P_44,0L,44,HP,NA
AW23,IO_L3N_T0L_N5_AD15N_44,0L,44,HP,NA
AV21,IO_L2P_T0L_N2_44,0L,44,HP,NA
AW21,IO_L2N_T0L_N3_44,0L,44,HP,NA
AU24,IO_T0U_N12_VRP_44,0U,44,HP,NA
AV24,IO_L1P_T0L_N0_DBC_44,0L,44,HP,NA
AW24,IO_L1N_T0L_N1_DBC_44,0L,44,HP,NA
AD23,VREF_44,NA,44,HP,NA
AG26,IO_L24P_T3U_N10_45,3U,45,HP,NA
AG27,IO_L24N_T3U_N11_45,3U,45,HP,NA
AH27,IO_T3U_N12_45,3U,45,HP,NA
AE27,IO_L23P_T3U_N8_45,3U,45,HP,NA
AF27,IO_L23N_T3U_N9_45,3U,45,HP,NA
AF24,IO_L22P_T3U_N6_DBC_AD0P_45,3U,45,HP,NA
AG24,IO_L22N_T3U_N7_DBC_AD0N_45,3U,45,HP,NA
AD26,IO_L21P_T3L_N4_AD8P_45,3L,45,HP,NA
AE26,IO_L21N_T3L_N5_AD8N_45,3L,45,HP,NA
AF25,IO_L20P_T3L_N2_AD1P_45,3L,45,HP,NA
AG25,IO_L20N_T3L_N3_AD1N_45,3L,45,HP,NA
AD25,IO_L19P_T3L_N0_DBC_AD9P_45,3L,45,HP,NA
AE25,IO_L19N_T3L_N1_DBC_AD9N_45,3L,45,HP,NA
AH24,IO_L18P_T2U_N10_AD2P_45,2U,45,HP,NA
AJ24,IO_L18N_T2U_N11_AD2N_45,2U,45,HP,NA
AH26,IO_L17P_T2U_N8_AD10P_45,2U,45,HP,NA
AJ26,IO_L17N_T2U_N9_AD10N_45,2U,45,HP,NA
AL24,IO_L16P_T2U_N6_QBC_AD3P_45,2U,45,HP,NA
AL25,IO_L16N_T2U_N7_QBC_AD3N_45,2U,45,HP,NA
AJ25,IO_L15P_T2L_N4_AD11P_45,2L,45,HP,NA
AK25,IO_L15N_T2L_N5_AD11N_45,2L,45,HP,NA
AL27,IO_L14P_T2L_N2_GC_45,2L,45,HP,NA
AL28,IO_L14N_T2L_N3_GC_45,2L,45,HP,NA
AK26,IO_T2U_N12_45,2U,45,HP,NA
AK27,IO_L13P_T2L_N0_GC_QBC_45,2L,45,HP,NA
AK28,IO_L13N_T2L_N1_GC_QBC_45,2L,45,HP,NA
AM26,IO_L12P_T1U_N10_GC_45,1U,45,HP,NA
AN26,IO_L12N_T1U_N11_GC_45,1U,45,HP,NA
AP26,IO_T1U_N12_45,1U,45,HP,NA
AM27,IO_L11P_T1U_N8_GC_45,1U,45,HP,NA
AN27,IO_L11N_T1U_N9_GC_45,1U,45,HP,NA
AP25,IO_L10P_T1U_N6_QBC_AD4P_45,1U,45,HP,NA
AR25,IO_L10N_T1U_N7_QBC_AD4N_45,1U,45,HP,NA
AN28,IO_L9P_T1L_N4_AD12P_45,1L,45,HP,NA
AP28,IO_L9N_T1L_N5_AD12N_45,1L,45,HP,NA
AM24,IO_L8P_T1L_N2_AD5P_45,1L,45,HP,NA
AM25,IO_L8N_T1L_N3_AD5N_45,1L,45,HP,NA
AR26,IO_L7P_T1L_N0_QBC_AD13P_45,1L,45,HP,NA
AR27,IO_L7N_T1L_N1_QBC_AD13N_45,1L,45,HP,NA
AV26,IO_L6P_T0U_N10_AD6P_45,0U,45,HP,NA
AV27,IO_L6N_T0U_N11_AD6N_45,0U,45,HP,NA
AR28,IO_L5P_T0U_N8_AD14P_45,0U,45,HP,NA
AT28,IO_L5N_T0U_N9_AD14N_45,0U,45,HP,NA
AU25,IO_L4P_T0U_N6_DBC_AD7P_45,0U,45,HP,NA
AU26,IO_L4N_T0U_N7_DBC_AD7N_45,0U,45,HP,NA
AT27,IO_L3P_T0L_N4_AD15P_45,0L,45,HP,NA
AU27,IO_L3N_T0L_N5_AD15N_45,0L,45,HP,NA
AW25,IO_L2P_T0L_N2_45,0L,45,HP,NA
AW26,IO_L2N_T0L_N3_45,0L,45,HP,NA
AT25,IO_T0U_N12_VRP_45,0U,45,HP,NA
AV28,IO_L1P_T0L_N0_DBC_45,0L,45,HP,NA
AW28,IO_L1N_T0L_N1_DBC_45,0L,45,HP,NA
AD24,VREF_45,NA,45,HP,NA
B34,IO_L24P_T3U_N10_46,3U,46,HP,NA
A34,IO_L24N_T3U_N11_46,3U,46,HP,NA
A33,IO_T3U_N12_46,3U,46,HP,NA
D34,IO_L23P_T3U_N8_46,3U,46,HP,NA
C34,IO_L23N_T3U_N9_46,3U,46,HP,NA
B35,IO_L22P_T3U_N6_DBC_AD0P_46,3U,46,HP,NA
A35,IO_L22N_T3U_N7_DBC_AD0N_46,3U,46,HP,NA
E35,IO_L21P_T3L_N4_AD8P_46,3L,46,HP,NA
D35,IO_L21N_T3L_N5_AD8N_46,3L,46,HP,NA
C36,IO_L20P_T3L_N2_AD1P_46,3L,46,HP,NA
B36,IO_L20N_T3L_N3_AD1N_46,3L,46,HP,NA
E36,IO_L19P_T3L_N0_DBC_AD9P_46,3L,46,HP,NA
D36,IO_L19N_T3L_N1_DBC_AD9N_46,3L,46,HP,NA
C37,IO_L18P_T2U_N10_AD2P_46,2U,46,HP,NA
B37,IO_L18N_T2U_N11_AD2N_46,2U,46,HP,NA
A37,IO_L17P_T2U_N8_AD10P_46,2U,46,HP,NA
C38,IO_L16P_T2U_N6_QBC_AD3P_46,2U,46,HP,NA
D39,IO_L15P_T2L_N4_AD11P_46,2L,46,HP,NA
C39,IO_L15N_T2L_N5_AD11N_46,2L,46,HP,NA
E37,IO_L14P_T2L_N2_GC_46,2L,46,HP,NA
D38,IO_L14N_T2L_N3_GC_46,2L,46,HP,NA
F39,IO_T2U_N12_46,2U,46,HP,NA
F38,IO_L13P_T2L_N0_GC_QBC_46,2L,46,HP,NA
E38,IO_L13N_T2L_N1_GC_QBC_46,2L,46,HP,NA
G37,IO_L12P_T1U_N10_GC_46,1U,46,HP,NA
F37,IO_L12N_T1U_N11_GC_46,1U,46,HP,NA
F34,IO_T1U_N12_46,1U,46,HP,NA
H36,IO_L11P_T1U_N8_GC_46,1U,46,HP,NA
G36,IO_L11N_T1U_N9_GC_46,1U,46,HP,NA
H37,IO_L10P_T1U_N6_QBC_AD4P_46,1U,46,HP,NA
H38,IO_L10N_T1U_N7_QBC_AD4N_46,1U,46,HP,NA
H34,IO_L9P_T1L_N4_AD12P_46,1L,46,HP,NA
G34,IO_L9N_T1L_N5_AD12N_46,1L,46,HP,NA
H39,IO_L8P_T1L_N2_AD5P_46,1L,46,HP,NA
G39,IO_L8N_T1L_N3_AD5N_46,1L,46,HP,NA
G35,IO_L7P_T1L_N0_QBC_AD13P_46,1L,46,HP,NA
F35,IO_L7N_T1L_N1_QBC_AD13N_46,1L,46,HP,NA
L37,IO_L6P_T0U_N10_AD6P_46,0U,46,HP,NA
K37,IO_L6N_T0U_N11_AD6N_46,0U,46,HP,NA
J34,IO_L5P_T0U_N8_AD14P_46,0U,46,HP,NA
J35,IO_L5N_T0U_N9_AD14N_46,0U,46,HP,NA
L38,IO_L4P_T0U_N6_DBC_AD7P_46,0U,46,HP,NA
K38,IO_L4N_T0U_N7_DBC_AD7N_46,0U,46,HP,NA
L35,IO_L3P_T0L_N4_AD15P_46,0L,46,HP,NA
K35,IO_L3N_T0L_N5_AD15N_46,0L,46,HP,NA
J38,IO_L2P_T0L_N2_46,0L,46,HP,NA
J39,IO_L2N_T0L_N3_46,0L,46,HP,NA
L39,IO_T0U_N12_VRP_46,0U,46,HP,NA
K36,IO_L1P_T0L_N0_DBC_46,0L,46,HP,NA
J36,IO_L1N_T0L_N1_DBC_46,0L,46,HP,NA
L34,VREF_46,NA,46,HP,NA
C31,IO_L24P_T3U_N10_47,3U,47,HP,NA
B31,IO_L24N_T3U_N11_47,3U,47,HP,NA
B29,IO_T3U_N12_47,3U,47,HP,NA
A28,IO_L23P_T3U_N8_47,3U,47,HP,NA
A29,IO_L23N_T3U_N9_47,3U,47,HP,NA
B32,IO_L22P_T3U_N6_DBC_AD0P_47,3U,47,HP,NA
A32,IO_L22N_T3U_N7_DBC_AD0N_47,3U,47,HP,NA
D29,IO_L21P_T3L_N4_AD8P_47,3L,47,HP,NA
C29,IO_L21N_T3L_N5_AD8N_47,3L,47,HP,NA
C32,IO_L20P_T3L_N2_AD1P_47,3L,47,HP,NA
C33,IO_L20N_T3L_N3_AD1N_47,3L,47,HP,NA
B30,IO_L19P_T3L_N0_DBC_AD9P_47,3L,47,HP,NA
A30,IO_L19N_T3L_N1_DBC_AD9N_47,3L,47,HP,NA
E30,IO_L18P_T2U_N10_AD2P_47,2U,47,HP,NA
D30,IO_L18N_T2U_N11_AD2N_47,2U,47,HP,NA
G29,IO_L17P_T2U_N8_AD10P_47,2U,47,HP,NA
F29,IO_L17N_T2U_N9_AD10N_47,2U,47,HP,NA
E31,IO_L16P_T2U_N6_QBC_AD3P_47,2U,47,HP,NA
D31,IO_L16N_T2U_N7_QBC_AD3N_47,2U,47,HP,NA
G30,IO_L15P_T2L_N4_AD11P_47,2L,47,HP,NA
F30,IO_L15N_T2L_N5_AD11N_47,2L,47,HP,NA
F32,IO_L14P_T2L_N2_GC_47,2L,47,HP,NA
E32,IO_L14N_T2L_N3_GC_47,2L,47,HP,NA
D33,IO_T2U_N12_47,2U,47,HP,NA
F33,IO_L13P_T2L_N0_GC_QBC_47,2L,47,HP,NA
E33,IO_L13N_T2L_N1_GC_QBC_47,2L,47,HP,NA
H32,IO_L12P_T1U_N10_GC_47,1U,47,HP,NA
G32,IO_L12N_T1U_N11_GC_47,1U,47,HP,NA
K30,IO_T1U_N12_47,1U,47,HP,NA
H31,IO_L11P_T1U_N8_GC_47,1U,47,HP,NA
G31,IO_L11N_T1U_N9_GC_47,1U,47,HP,NA
K31,IO_L10P_T1U_N6_QBC_AD4P_47,1U,47,HP,NA
K32,IO_L10N_T1U_N7_QBC_AD4N_47,1U,47,HP,NA
J29,IO_L9P_T1L_N4_AD12P_47,1L,47,HP,NA
H29,IO_L9N_T1L_N5_AD12N_47,1L,47,HP,NA
J33,IO_L8P_T1L_N2_AD5P_47,1L,47,HP,NA
H33,IO_L8N_T1L_N3_AD5N_47,1L,47,HP,NA
J30,IO_L7P_T1L_N0_QBC_AD13P_47,1L,47,HP,NA
J31,IO_L7N_T1L_N1_QBC_AD13N_47,1L,47,HP,NA
M30,IO_L6P_T0U_N10_AD6P_47,0U,47,HP,NA
L30,IO_L6N_T0U_N11_AD6N_47,0U,47,HP,NA
M29,IO_L5P_T0U_N8_AD14P_47,0U,47,HP,NA
L29,IO_L5N_T0U_N9_AD14N_47,0U,47,HP,NA
P29,IO_L4P_T0U_N6_DBC_AD7P_47,0U,47,HP,NA
N29,IO_L4N_T0U_N7_DBC_AD7N_47,0U,47,HP,NA
L32,IO_L3P_T0L_N4_AD15P_47,0L,47,HP,NA
L33,IO_L3N_T0L_N5_AD15N_47,0L,47,HP,NA
R30,IO_L2P_T0L_N2_47,0L,47,HP,NA
P30,IO_L2N_T0L_N3_47,0L,47,HP,NA
K33,IO_T0U_N12_VRP_47,0U,47,HP,NA
M31,IO_L1P_T0L_N0_DBC_47,0L,47,HP,NA
M32,IO_L1N_T0L_N1_DBC_47,0L,47,HP,NA
T30,VREF_47,NA,47,HP,NA
B25,IO_L24P_T3U_N10_48,3U,48,HP,NA
A25,IO_L24N_T3U_N11_48,3U,48,HP,NA
A27,IO_T3U_N12_48,3U,48,HP,NA
B26,IO_L23P_T3U_N8_48,3U,48,HP,NA
B27,IO_L23N_T3U_N9_48,3U,48,HP,NA
D25,IO_L22P_T3U_N6_DBC_AD0P_48,3U,48,HP,NA
D26,IO_L22N_T3U_N7_DBC_AD0N_48,3U,48,HP,NA
C26,IO_L21P_T3L_N4_AD8P_48,3L,48,HP,NA
C27,IO_L21N_T3L_N5_AD8N_48,3L,48,HP,NA
E25,IO_L20P_T3L_N2_AD1P_48,3L,48,HP,NA
E26,IO_L20N_T3L_N3_AD1N_48,3L,48,HP,NA
D28,IO_L19P_T3L_N0_DBC_AD9P_48,3L,48,HP,NA
C28,IO_L19N_T3L_N1_DBC_AD9N_48,3L,48,HP,NA
G26,IO_L18P_T2U_N10_AD2P_48,2U,48,HP,NA
G27,IO_L18N_T2U_N11_AD2N_48,2U,48,HP,NA
F28,IO_L17P_T2U_N8_AD10P_48,2U,48,HP,NA
E28,IO_L17N_T2U_N9_AD10N_48,2U,48,HP,NA
G25,IO_L16P_T2U_N6_QBC_AD3P_48,2U,48,HP,NA
F25,IO_L16N_T2U_N7_QBC_AD3N_48,2U,48,HP,NA
F27,IO_L15P_T2L_N4_AD11P_48,2L,48,HP,NA
E27,IO_L15N_T2L_N5_AD11N_48,2L,48,HP,NA
J26,IO_L14P_T2L_N2_GC_48,2L,48,HP,NA
H26,IO_L14N_T2L_N3_GC_48,2L,48,HP,NA
J25,IO_T2U_N12_48,2U,48,HP,NA
H27,IO_L13P_T2L_N0_GC_QBC_48,2L,48,HP,NA
H28,IO_L13N_T2L_N1_GC_QBC_48,2L,48,HP,NA
K26,IO_L12P_T1U_N10_GC_48,1U,48,HP,NA
K27,IO_L12N_T1U_N11_GC_48,1U,48,HP,NA
L28,IO_T1U_N12_48,1U,48,HP,NA
K28,IO_L11P_T1U_N8_GC_48,1U,48,HP,NA
J28,IO_L11N_T1U_N9_GC_48,1U,48,HP,NA
L25,IO_L10P_T1U_N6_QBC_AD4P_48,1U,48,HP,NA
K25,IO_L10N_T1U_N7_QBC_AD4N_48,1U,48,HP,NA
M27,IO_L9P_T1L_N4_AD12P_48,1L,48,HP,NA
L27,IO_L9N_T1L_N5_AD12N_48,1L,48,HP,NA
N24,IO_L8P_T1L_N2_AD5P_48,1L,48,HP,NA
M24,IO_L8N_T1L_N3_AD5N_48,1L,48,HP,NA
M25,IO_L7P_T1L_N0_QBC_AD13P_48,1L,48,HP,NA
M26,IO_L7N_T1L_N1_QBC_AD13N_48,1L,48,HP,NA
P26,IO_L6P_T0U_N10_AD6P_48,0U,48,HP,NA
N26,IO_L6N_T0U_N11_AD6N_48,0U,48,HP,NA
T28,IO_L5P_T0U_N8_AD14P_48,0U,48,HP,NA
R28,IO_L5N_T0U_N9_AD14N_48,0U,48,HP,NA
P24,IO_L4P_T0U_N6_DBC_AD7P_48,0U,48,HP,NA
P25,IO_L4N_T0U_N7_DBC_AD7N_48,0U,48,HP,NA
R26,IO_L3P_T0L_N4_AD15P_48,0L,48,HP,NA
R27,IO_L3N_T0L_N5_AD15N_48,0L,48,HP,NA
T25,IO_L2P_T0L_N2_48,0L,48,HP,NA
R25,IO_L2N_T0L_N3_48,0L,48,HP,NA
N27,IO_T0U_N12_VRP_48,0U,48,HP,NA
P28,IO_L1P_T0L_N0_DBC_48,0L,48,HP,NA
N28,IO_L1N_T0L_N1_DBC_48,0L,48,HP,NA
T24,VREF_48,NA,48,HP,NA
C14,IO_L24P_T3U_N10_66,3U,66,HP,NA
B14,IO_L24N_T3U_N11_66,3U,66,HP,NA
C16,IO_T3U_N12_66,3U,66,HP,NA
B16,IO_L23P_T3U_N8_66,3U,66,HP,NA
B15,IO_L23N_T3U_N9_66,3U,66,HP,NA
C12,IO_L22P_T3U_N6_DBC_AD0P_66,3U,66,HP,NA
B12,IO_L22N_T3U_N7_DBC_AD0N_66,3U,66,HP,NA
A15,IO_L21P_T3L_N4_AD8P_66,3L,66,HP,NA
A14,IO_L21N_T3L_N5_AD8N_66,3L,66,HP,NA
D13,IO_L20P_T3L_N2_AD1P_66,3L,66,HP,NA
C13,IO_L20N_T3L_N3_AD1N_66,3L,66,HP,NA
A13,IO_L19P_T3L_N0_DBC_AD9P_66,3L,66,HP,NA
A12,IO_L19N_T3L_N1_DBC_AD9N_66,3L,66,HP,NA
E13,IO_L18P_T2U_N10_AD2P_66,2U,66,HP,NA
E12,IO_L18N_T2U_N11_AD2N_66,2U,66,HP,NA
E16,IO_L17P_T2U_N8_AD10P_66,2U,66,HP,NA
D16,IO_L17N_T2U_N9_AD10N_66,2U,66,HP,NA
F13,IO_L16P_T2U_N6_QBC_AD3P_66,2U,66,HP,NA
F12,IO_L16N_T2U_N7_QBC_AD3N_66,2U,66,HP,NA
D15,IO_L15P_T2L_N4_AD11P_66,2L,66,HP,NA
D14,IO_L15N_T2L_N5_AD11N_66,2L,66,HP,NA
G14,IO_L14P_T2L_N2_GC_66,2L,66,HP,NA
F14,IO_L14N_T2L_N3_GC_66,2L,66,HP,NA
G12,IO_T2U_N12_66,2U,66,HP,NA
F15,IO_L13P_T2L_N0_GC_QBC_66,2L,66,HP,NA
E15,IO_L13N_T2L_N1_GC_QBC_66,2L,66,HP,NA
J14,IO_L12P_T1U_N10_GC_66,1U,66,HP,NA
H14,IO_L12N_T1U_N11_GC_66,1U,66,HP,NA
H12,IO_T1U_N12_66,1U,66,HP,NA
G16,IO_L11P_T1U_N8_GC_66,1U,66,HP,NA
G15,IO_L11N_T1U_N9_GC_66,1U,66,HP,NA
K13,IO_L10P_T1U_N6_QBC_AD4P_66,1U,66,HP,NA
K12,IO_L10N_T1U_N7_QBC_AD4N_66,1U,66,HP,NA
K15,IO_L9P_T1L_N4_AD12P_66,1L,66,HP,NA
J15,IO_L9N_T1L_N5_AD12N_66,1L,66,HP,NA
L13,IO_L8P_T1L_N2_AD5P_66,1L,66,HP,NA
L12,IO_L8N_T1L_N3_AD5N_66,1L,66,HP,NA
J13,IO_L7P_T1L_N0_QBC_AD13P_66,1L,66,HP,NA
H13,IO_L7N_T1L_N1_QBC_AD13N_66,1L,66,HP,NA
P15,IO_L6P_T0U_N10_AD6P_66,0U,66,HP,NA
P14,IO_L6N_T0U_N11_AD6N_66,0U,66,HP,NA
M15,IO_L5P_T0U_N8_AD14P_66,0U,66,HP,NA
L15,IO_L5N_T0U_N9_AD14N_66,0U,66,HP,NA
N12,IO_L4P_T0U_N6_DBC_AD7P_66,0U,66,HP,NA
M12,IO_L4N_T0U_N7_DBC_AD7N_66,0U,66,HP,NA
N14,IO_L3P_T0L_N4_AD15P_66,0L,66,HP,NA
M14,IO_L3N_T0L_N5_AD15N_66,0L,66,HP,NA
R13,IO_L2P_T0L_N2_66,0L,66,HP,NA
R12,IO_L2N_T0L_N3_66,0L,66,HP,NA
L14,IO_T0U_N12_VRP_66,0U,66,HP,NA
P13,IO_L1P_T0L_N0_DBC_66,0L,66,HP,NA
N13,IO_L1N_T0L_N1_DBC_66,0L,66,HP,NA
R15,VREF_66,NA,66,HP,NA
A18,IO_L24P_T3U_N10_67,3U,67,HP,NA
A17,IO_L24N_T3U_N11_67,3U,67,HP,NA
D20,IO_T3U_N12_67,3U,67,HP,NA
B20,IO_L23P_T3U_N8_67,3U,67,HP,NA
A20,IO_L23N_T3U_N9_67,3U,67,HP,NA
C17,IO_L22P_T3U_N6_DBC_AD0P_67,3U,67,HP,NA
B17,IO_L22N_T3U_N7_DBC_AD0N_67,3U,67,HP,NA
B19,IO_L21P_T3L_N4_AD8P_67,3L,67,HP,NA
A19,IO_L21N_T3L_N5_AD8N_67,3L,67,HP,NA
D18,IO_L20P_T3L_N2_AD1P_67,3L,67,HP,NA
C18,IO_L20N_T3L_N3_AD1N_67,3L,67,HP,NA
D19,IO_L19P_T3L_N0_DBC_AD9P_67,3L,67,HP,NA
C19,IO_L19N_T3L_N1_DBC_AD9N_67,3L,67,HP,NA
F18,IO_L18P_T2U_N10_AD2P_67,2U,67,HP,NA
E18,IO_L18N_T2U_N11_AD2N_67,2U,67,HP,NA
F20,IO_L17P_T2U_N8_AD10P_67,2U,67,HP,NA
E20,IO_L17N_T2U_N9_AD10N_67,2U,67,HP,NA
F17,IO_L16P_T2U_N6_QBC_AD3P_67,2U,67,HP,NA
E17,IO_L16N_T2U_N7_QBC_AD3N_67,2U,67,HP,NA
G20,IO_L15P_T2L_N4_AD11P_67,2L,67,HP,NA
F19,IO_L15N_T2L_N5_AD11N_67,2L,67,HP,NA
H18,IO_L14P_T2L_N2_GC_67,2L,67,HP,NA
H17,IO_L14N_T2L_N3_GC_67,2L,67,HP,NA
G17,IO_T2U_N12_67,2U,67,HP,NA
H19,IO_L13P_T2L_N0_GC_QBC_67,2L,67,HP,NA
G19,IO_L13N_T2L_N1_GC_QBC_67,2L,67,HP,NA
K18,IO_L12P_T1U_N10_GC_67,1U,67,HP,NA
J18,IO_L12N_T1U_N11_GC_67,1U,67,HP,NA
H16,IO_T1U_N12_67,1U,67,HP,NA
J20,IO_L11P_T1U_N8_GC_67,1U,67,HP,NA
J19,IO_L11N_T1U_N9_GC_67,1U,67,HP,NA
K16,IO_L10P_T1U_N6_QBC_AD4P_67,1U,67,HP,NA
J16,IO_L10N_T1U_N7_QBC_AD4N_67,1U,67,HP,NA
L19,IO_L9P_T1L_N4_AD12P_67,1L,67,HP,NA
L18,IO_L9N_T1L_N5_AD12N_67,1L,67,HP,NA
M17,IO_L8P_T1L_N2_AD5P_67,1L,67,HP,NA
M16,IO_L8N_T1L_N3_AD5N_67,1L,67,HP,NA
L17,IO_L7P_T1L_N0_QBC_AD13P_67,1L,67,HP,NA
K17,IO_L7N_T1L_N1_QBC_AD13N_67,1L,67,HP,NA
R18,IO_L6P_T0U_N10_AD6P_67,0U,67,HP,NA
R17,IO_L6N_T0U_N11_AD6N_67,0U,67,HP,NA
N19,IO_L5P_T0U_N8_AD14P_67,0U,67,HP,NA
N18,IO_L5N_T0U_N9_AD14N_67,0U,67,HP,NA
T18,IO_L4P_T0U_N6_DBC_AD7P_67,0U,67,HP,NA
T17,IO_L4N_T0U_N7_DBC_AD7N_67,0U,67,HP,NA
N17,IO_L3P_T0L_N4_AD15P_67,0L,67,HP,NA
N16,IO_L3N_T0L_N5_AD15N_67,0L,67,HP,NA
R16,IO_L2P_T0L_N2_67,0L,67,HP,NA
P16,IO_L2N_T0L_N3_67,0L,67,HP,NA
M19,IO_T0U_N12_VRP_67,0U,67,HP,NA
P19,IO_L1P_T0L_N0_DBC_67,0L,67,HP,NA
P18,IO_L1N_T0L_N1_DBC_67,0L,67,HP,NA
T19,VREF_67,NA,67,HP,NA
D21,IO_L24P_T3U_N10_68,3U,68,HP,NA
C21,IO_L24N_T3U_N11_68,3U,68,HP,NA
A23,IO_T3U_N12_68,3U,68,HP,NA
B21,IO_L23P_T3U_N8_68,3U,68,HP,NA
A22,IO_L23N_T3U_N9_68,3U,68,HP,NA
C22,IO_L22P_T3U_N6_DBC_AD0P_68,3U,68,HP,NA
B22,IO_L22N_T3U_N7_DBC_AD0N_68,3U,68,HP,NA
B24,IO_L21P_T3L_N4_AD8P_68,3L,68,HP,NA
A24,IO_L21N_T3L_N5_AD8N_68,3L,68,HP,NA
D23,IO_L20P_T3L_N2_AD1P_68,3L,68,HP,NA
C23,IO_L20N_T3L_N3_AD1N_68,3L,68,HP,NA
D24,IO_L19P_T3L_N0_DBC_AD9P_68,3L,68,HP,NA
C24,IO_L19N_T3L_N1_DBC_AD9N_68,3L,68,HP,NA
F23,IO_L18P_T2U_N10_AD2P_68,2U,68,HP,NA
E23,IO_L18N_T2U_N11_AD2N_68,2U,68,HP,NA
E21,IO_L17P_T2U_N8_AD10P_68,2U,68,HP,NA
E22,IO_L17N_T2U_N9_AD10N_68,2U,68,HP,NA
G24,IO_L16P_T2U_N6_QBC_AD3P_68,2U,68,HP,NA
F24,IO_L16N_T2U_N7_QBC_AD3N_68,2U,68,HP,NA
G21,IO_L15P_T2L_N4_AD11P_68,2L,68,HP,NA
G22,IO_L15N_T2L_N5_AD11N_68,2L,68,HP,NA
H23,IO_L14P_T2L_N2_GC_68,2L,68,HP,NA
H24,IO_L14N_T2L_N3_GC_68,2L,68,HP,NA
F22,IO_T2U_N12_68,2U,68,HP,NA
H21,IO_L13P_T2L_N0_GC_QBC_68,2L,68,HP,NA
H22,IO_L13N_T2L_N1_GC_QBC_68,2L,68,HP,NA
J23,IO_L12P_T1U_N10_GC_68,1U,68,HP,NA
J24,IO_L12N_T1U_N11_GC_68,1U,68,HP,NA
L22,IO_T1U_N12_68,1U,68,HP,NA
K22,IO_L11P_T1U_N8_GC_68,1U,68,HP,NA
K23,IO_L11N_T1U_N9_GC_68,1U,68,HP,NA
M20,IO_L10P_T1U_N6_QBC_AD4P_68,1U,68,HP,NA
M21,IO_L10N_T1U_N7_QBC_AD4N_68,1U,68,HP,NA
L20,IO_L9P_T1L_N4_AD12P_68,1L,68,HP,NA
K20,IO_L9N_T1L_N5_AD12N_68,1L,68,HP,NA
L23,IO_L8P_T1L_N2_AD5P_68,1L,68,HP,NA
L24,IO_L8N_T1L_N3_AD5N_68,1L,68,HP,NA
K21,IO_L7P_T1L_N0_QBC_AD13P_68,1L,68,HP,NA
J21,IO_L7N_T1L_N1_QBC_AD13N_68,1L,68,HP,NA
R20,IO_L6P_T0U_N10_AD6P_68,0U,68,HP,NA
P20,IO_L6N_T0U_N11_AD6N_68,0U,68,HP,NA
R21,IO_L5P_T0U_N8_AD14P_68,0U,68,HP,NA
P21,IO_L5N_T0U_N9_AD14N_68,0U,68,HP,NA
N21,IO_L4P_T0U_N6_DBC_AD7P_68,0U,68,HP,NA
N22,IO_L4N_T0U_N7_DBC_AD7N_68,0U,68,HP,NA
T22,IO_L3P_T0L_N4_AD15P_68,0L,68,HP,NA
R22,IO_L3N_T0L_N5_AD15N_68,0L,68,HP,NA
P23,IO_L2P_T0L_N2_68,0L,68,HP,NA
N23,IO_L2N_T0L_N3_68,0L,68,HP,NA
M22,IO_T0U_N12_VRP_68,0U,68,HP,NA
T23,IO_L1P_T0L_N0_DBC_68,0L,68,HP,NA
R23,IO_L1N_T0L_N1_DBC_68,0L,68,HP,NA
T20,VREF_68,NA,68,HP,NA
AF19,IO_L24P_T3U_N10_64,3U,64,HR,NA
AG19,IO_L24N_T3U_N11_64,3U,64,HR,NA
AD18,IO_T3U_N12_64,3U,64,HR,NA
AE17,IO_L23P_T3U_N8_64,3U,64,HR,NA
AF17,IO_L23N_T3U_N9_64,3U,64,HR,NA
AE18,IO_L22P_T3U_N6_DBC_AD0P_64,3U,64,HR,NA
AF18,IO_L22N_T3U_N7_DBC_AD0N_64,3U,64,HR,NA
AD16,IO_L21P_T3L_N4_AD8P_64,3L,64,HR,NA
AE16,IO_L21N_T3L_N5_AD8N_64,3L,64,HR,NA
AH19,IO_L20P_T3L_N2_AD1P_64,3L,64,HR,NA
AH18,IO_L20N_T3L_N3_AD1N_64,3L,64,HR,NA
AG17,IO_L19P_T3L_N0_DBC_AD9P_64,3L,64,HR,NA
AG16,IO_L19N_T3L_N1_DBC_AD9N_64,3L,64,HR,NA
AJ19,IO_L18P_T2U_N10_AD2P_64,2U,64,HR,NA
AJ18,IO_L18N_T2U_N11_AD2N_64,2U,64,HR,NA
AH17,IO_L17P_T2U_N8_AD10P_64,2U,64,HR,NA
AH16,IO_L17N_T2U_N9_AD10N_64,2U,64,HR,NA
AK18,IO_L16P_T2U_N6_QBC_AD3P_64,2U,64,HR,NA
AK17,IO_L16N_T2U_N7_QBC_AD3N_64,2U,64,HR,NA
AJ16,IO_L15P_T2L_N4_AD11P_64,2L,64,HR,NA
AK16,IO_L15N_T2L_N5_AD11N_64,2L,64,HR,NA
AL19,IO_L14P_T2L_N2_GC_64,2L,64,HR,NA
AL18,IO_L14N_T2L_N3_GC_64,2L,64,HR,NA
AM16,IO_T2U_N12_64,2U,64,HR,NA
AL17,IO_L13P_T2L_N0_GC_QBC_64,2L,64,HR,NA
AM17,IO_L13N_T2L_N1_GC_QBC_64,2L,64,HR,NA
AD19,VREF_64,NA,64,HR,NA
AD14,IO_L24P_T3U_N10_EMCCLK_65,3U,65,HR,NA
AD13,IO_L24N_T3U_N11_DOUT_CSO_B_65,3U,65,HR,NA
AE15,IO_T3U_N12_PERSTN0_65,3U,65,HR,NA
AE12,IO_L23P_T3U_N8_I2C_SCLK_65,3U,65,HR,NA
AF12,IO_L23N_T3U_N9_I2C_SDA_65,3U,65,HR,NA
AF14,IO_L22P_T3U_N6_DBC_AD0P_D04_65,3U,65,HR,NA
AG14,IO_L22N_T3U_N7_DBC_AD0N_D05_65,3U,65,HR,NA
AE13,IO_L21P_T3L_N4_AD8P_D06_65,3L,65,HR,NA
AF13,IO_L21N_T3L_N5_AD8N_D07_65,3L,65,HR,NA
AF15,IO_L20P_T3L_N2_AD1P_D08_65,3L,65,HR,NA
AG15,IO_L20N_T3L_N3_AD1N_D09_65,3L,65,HR,NA
AG12,IO_L19P_T3L_N0_DBC_AD9P_D10_65,3L,65,HR,NA
AH12,IO_L19N_T3L_N1_DBC_AD9N_D11_65,3L,65,HR,NA
AK13,IO_L18P_T2U_N10_AD2P_D12_65,2U,65,HR,NA
AK12,IO_L18N_T2U_N11_AD2N_D13_65,2U,65,HR,NA
AH13,IO_L17P_T2U_N8_AD10P_D14_65,2U,65,HR,NA
AJ13,IO_L17N_T2U_N9_AD10N_D15_65,2U,65,HR,NA
AJ15,IO_L16P_T2U_N6_QBC_AD3P_A00_D16_65,2U,65,HR,NA
AK15,IO_L16N_T2U_N7_QBC_AD3N_A01_D17_65,2U,65,HR,NA
AH14,IO_L15P_T2L_N4_AD11P_A02_D18_65,2L,65,HR,NA
AJ14,IO_L15N_T2L_N5_AD11N_A03_D19_65,2L,65,HR,NA
AL14,IO_L14P_T2L_N2_GC_A04_D20_65,2L,65,HR,NA
AL13,IO_L14N_T2L_N3_GC_A05_D21_65,2L,65,HR,NA
AL15,IO_T2U_N12_CSI_ADV_B_65,2U,65,HR,NA
AL12,IO_L13P_T2L_N0_GC_QBC_A06_D22_65,2L,65,HR,NA
AM12,IO_L13N_T2L_N1_GC_QBC_A07_D23_65,2L,65,HR,NA
AD15,VREF_65,NA,65,HR,NA
AM19,IO_L12P_T1U_N10_GC_64,1U,64,HR,NA
AN19,IO_L12N_T1U_N11_GC_64,1U,64,HR,NA
AN16,IO_T1U_N12_64,1U,64,HR,NA
AN18,IO_L11P_T1U_N8_GC_64,1U,64,HR,NA
AN17,IO_L11N_T1U_N9_GC_64,1U,64,HR,NA
AP19,IO_L10P_T1U_N6_QBC_AD4P_64,1U,64,HR,NA
AP18,IO_L10N_T1U_N7_QBC_AD4N_64,1U,64,HR,NA
AP16,IO_L9P_T1L_N4_AD12P_64,1L,64,HR,NA
AR16,IO_L9N_T1L_N5_AD12N_64,1L,64,HR,NA
AR20,IO_L8P_T1L_N2_AD5P_64,1L,64,HR,NA
AT20,IO_L8N_T1L_N3_AD5N_64,1L,64,HR,NA
AR18,IO_L7P_T1L_N0_QBC_AD13P_64,1L,64,HR,NA
AR17,IO_L7N_T1L_N1_QBC_AD13N_64,1L,64,HR,NA
AT19,IO_L6P_T0U_N10_AD6P_64,0U,64,HR,NA
AU19,IO_L6N_T0U_N11_AD6N_64,0U,64,HR,NA
AT18,IO_L5P_T0U_N8_AD14P_64,0U,64,HR,NA
AT17,IO_L5N_T0U_N9_AD14N_64,0U,64,HR,NA
AV19,IO_L4P_T0U_N6_DBC_AD7P_64,0U,64,HR,NA
AW18,IO_L4N_T0U_N7_DBC_AD7N_64,0U,64,HR,NA
AU17,IO_L3P_T0L_N4_AD15P_64,0L,64,HR,NA
AU16,IO_L3N_T0L_N5_AD15N_64,0L,64,HR,NA
AW20,IO_L2P_T0L_N2_64,0L,64,HR,NA
AW19,IO_L2N_T0L_N3_64,0L,64,HR,NA
AU20,IO_T0U_N12_64,0U,64,HR,NA
AV18,IO_L1P_T0L_N0_DBC_64,0L,64,HR,NA
AV17,IO_L1N_T0L_N1_DBC_64,0L,64,HR,NA
AM14,IO_L12P_T1U_N10_GC_A08_D24_65,1U,65,HR,NA
AN14,IO_L12N_T1U_N11_GC_A09_D25_65,1U,65,HR,NA
AM15,IO_T1U_N12_PERSTN1_65,1U,65,HR,NA
AN13,IO_L11P_T1U_N8_GC_A10_D26_65,1U,65,HR,NA
AN12,IO_L11N_T1U_N9_GC_A11_D27_65,1U,65,HR,NA
AP14,IO_L10P_T1U_N6_QBC_AD4P_A12_D28_65,1U,65,HR,NA
AP13,IO_L10N_T1U_N7_QBC_AD4N_A13_D29_65,1U,65,HR,NA
AR12,IO_L9P_T1L_N4_AD12P_A14_D30_65,1L,65,HR,NA
AT12,IO_L9N_T1L_N5_AD12N_A15_D31_65,1L,65,HR,NA
AP15,IO_L8P_T1L_N2_AD5P_A16_65,1L,65,HR,NA
AR15,IO_L8N_T1L_N3_AD5N_A17_65,1L,65,HR,NA
AR13,IO_L7P_T1L_N0_QBC_AD13P_A18_65,1L,65,HR,NA
AT13,IO_L7N_T1L_N1_QBC_AD13N_A19_65,1L,65,HR,NA
AT14,IO_L6P_T0U_N10_AD6P_A20_65,0U,65,HR,NA
AU14,IO_L6N_T0U_N11_AD6N_A21_65,0U,65,HR,NA
AU12,IO_L5P_T0U_N8_AD14P_A22_65,0U,65,HR,NA
AV12,IO_L5N_T0U_N9_AD14N_A23_65,0U,65,HR,NA
AT15,IO_L4P_T0U_N6_DBC_AD7P_A24_65,0U,65,HR,NA
AU15,IO_L4N_T0U_N7_DBC_AD7N_A25_65,0U,65,HR,NA
AV13,IO_L3P_T0L_N4_AD15P_A26_65,0L,65,HR,NA
AW13,IO_L3N_T0L_N5_AD15N_A27_65,0L,65,HR,NA
AV16,IO_L2P_T0L_N2_FOE_B_65,0L,65,HR,NA
AW16,IO_L2N_T0L_N3_FWE_FCS2_B_65,0L,65,HR,NA
AW15,IO_T0U_N12_A28_65,0U,65,HR,NA
AV14,IO_L1P_T0L_N0_DBC_RS0_65,0L,65,HR,NA
AW14,IO_L1N_T0L_N1_DBC_RS1_65,0L,65,HR,NA
AD36,MGTHTXP3_126,NA,126,GTH,NA
AC38,MGTHRXP3_126,NA,126,GTH,NA
AC39,MGTHRXN3_126,NA,126,GTH,NA
AD37,MGTHTXN3_126,NA,126,GTH,NA
AB32,MGTREFCLK1P_126,NA,126,GTH,NA
AB33,MGTREFCLK1N_126,NA,126,GTH,NA
AE34,MGTHTXP2_126,NA,126,GTH,NA
AE38,MGTHRXP2_126,NA,126,GTH,NA
AE39,MGTHRXN2_126,NA,126,GTH,NA
AE35,MGTHTXN2_126,NA,126,GTH,NA
AG34,MGTHTXP1_126,NA,126,GTH,NA
AF36,MGTHRXP1_126,NA,126,GTH,NA
AF37,MGTHRXN1_126,NA,126,GTH,NA
AG35,MGTHTXN1_126,NA,126,GTH,NA
AD32,MGTREFCLK0P_126,NA,126,GTH,NA
AD33,MGTREFCLK0N_126,NA,126,GTH,NA
AH36,MGTHTXP0_126,NA,126,GTH,NA
AG38,MGTHRXP0_126,NA,126,GTH,NA
AG39,MGTHRXN0_126,NA,126,GTH,NA
AH37,MGTHTXN0_126,NA,126,GTH,NA
W34,MGTHTXP3_127,NA,127,GTH,NA
V36,MGTHRXP3_127,NA,127,GTH,NA
V37,MGTHRXN3_127,NA,127,GTH,NA
W35,MGTHTXN3_127,NA,127,GTH,NA
V32,MGTREFCLK1P_127,NA,127,GTH,NA
V33,MGTREFCLK1N_127,NA,127,GTH,NA
Y36,MGTHTXP2_127,NA,127,GTH,NA
W38,MGTHRXP2_127,NA,127,GTH,NA
W39,MGTHRXN2_127,NA,127,GTH,NA
Y37,MGTHTXN2_127,NA,127,GTH,NA
AA34,MGTHTXP1_127,NA,127,GTH,NA
AA38,MGTHRXP1_127,NA,127,GTH,NA
AA39,MGTHRXN1_127,NA,127,GTH,NA
AA35,MGTHTXN1_127,NA,127,GTH,NA
Y32,MGTREFCLK0P_127,NA,127,GTH,NA
Y33,MGTREFCLK0N_127,NA,127,GTH,NA
AC34,MGTHTXP0_127,NA,127,GTH,NA
AB36,MGTHRXP0_127,NA,127,GTH,NA
AB37,MGTHRXN0_127,NA,127,GTH,NA
AC35,MGTHTXN0_127,NA,127,GTH,NA
N34,MGTHTXP3_128,NA,128,GTH,NA
N38,MGTHRXP3_128,NA,128,GTH,NA
N39,MGTHRXN3_128,NA,128,GTH,NA
N35,MGTHTXN3_128,NA,128,GTH,NA
P32,MGTREFCLK1P_128,NA,128,GTH,NA
P33,MGTREFCLK1N_128,NA,128,GTH,NA
R34,MGTHTXP2_128,NA,128,GTH,NA
P36,MGTHRXP2_128,NA,128,GTH,NA
P37,MGTHRXN2_128,NA,128,GTH,NA
R35,MGTHTXN2_128,NA,128,GTH,NA
AF33,MGTRREF_L,NA,NA,NA,NA
AF32,MGTAVTTRCAL_L,NA,NA,NA,NA
T36,MGTHTXP1_128,NA,128,GTH,NA
R38,MGTHRXP1_128,NA,128,GTH,NA
R39,MGTHRXN1_128,NA,128,GTH,NA
T37,MGTHTXN1_128,NA,128,GTH,NA
T32,MGTREFCLK0P_128,NA,128,GTH,NA
T33,MGTREFCLK0N_128,NA,128,GTH,NA
U34,MGTHTXP0_128,NA,128,GTH,NA
U38,MGTHRXP0_128,NA,128,GTH,NA
U39,MGTHRXN0_128,NA,128,GTH,NA
U35,MGTHTXN0_128,NA,128,GTH,NA
AT6,MGTHTXP3_224,NA,224,GTH,NA
AT2,MGTHRXP3_224,NA,224,GTH,NA
AT1,MGTHRXN3_224,NA,224,GTH,NA
AT5,MGTHTXN3_224,NA,224,GTH,NA
AP10,MGTREFCLK1P_224,NA,224,GTH,NA
AP9,MGTREFCLK1N_224,NA,224,GTH,NA
AU8,MGTHTXP2_224,NA,224,GTH,NA
AU4,MGTHRXP2_224,NA,224,GTH,NA
AU3,MGTHRXN2_224,NA,224,GTH,NA
AU7,MGTHTXN2_224,NA,224,GTH,NA
AV6,MGTHTXP1_224,NA,224,GTH,NA
T2,MGTHRXP1_224,NA,224,GTH,NA
T1,MGTHRXN1_224,NA,224,GTH,NA
AV5,MGTHTXN1_224,NA,224,GTH,NA
AT10,MGTREFCLK0P_224,NA,224,GTH,NA
AT9,MGTREFCLK0N_224,NA,224,GTH,NA
AW8,MGTHTXP0_224,NA,224,GTH,NA
AW4,MGTHRXP0_224,NA,224,GTH,NA
AW3,MGTHRXN0_224,NA,224,GTH,NA
AW7,MGTHTXN0_224,NA,224,GTH,NA
AM6,MGTHTXP3_225,NA,225,GTH,NA
AM2,MGTHRXP3_225,NA,225,GTH,NA
AM1,MGTHRXN3_225,NA,225,GTH,NA
AM5,MGTHTXN3_225,NA,225,GTH,NA
AK10,MGTREFCLK1P_225,NA,225,GTH,NA
AK9,MGTREFCLK1N_225,NA,225,GTH,NA
AN8,MGTHTXP2_225,NA,225,GTH,NA
AN4,MGTHRXP2_225,NA,225,GTH,NA
AN3,MGTHRXN2_225,NA,225,GTH,NA
AN7,MGTHTXN2_225,NA,225,GTH,NA
AP6,MGTHTXP1_225,NA,225,GTH,NA
AP2,MGTHRXP1_225,NA,225,GTH,NA
AP1,MGTHRXN1_225,NA,225,GTH,NA
AP5,MGTHTXN1_225,NA,225,GTH,NA
AM10,MGTREFCLK0P_225,NA,225,GTH,NA
AM9,MGTREFCLK0N_225,NA,225,GTH,NA
AR8,MGTHTXP0_225,NA,225,GTH,NA
AR4,MGTHRXP0_225,NA,225,GTH,NA
AR3,MGTHRXN0_225,NA,225,GTH,NA
AR7,MGTHTXN0_225,NA,225,GTH,NA
AH6,MGTHTXP3_226,NA,226,GTH,NA
AH2,MGTHRXP3_226,NA,226,GTH,NA
AH1,MGTHRXN3_226,NA,226,GTH,NA
AH5,MGTHTXN3_226,NA,226,GTH,NA
AF10,MGTREFCLK1P_226,NA,226,GTH,NA
AF9,MGTREFCLK1N_226,NA,226,GTH,NA
AJ8,MGTHTXP2_226,NA,226,GTH,NA
AJ4,MGTHRXP2_226,NA,226,GTH,NA
AJ3,MGTHRXN2_226,NA,226,GTH,NA
AJ7,MGTHTXN2_226,NA,226,GTH,NA
AV9,MGTRREF_RS,NA,NA,NA,NA
AV10,MGTAVTTRCAL_RS,NA,NA,NA,NA
AK6,MGTHTXP1_226,NA,226,GTH,NA
AK2,MGTHRXP1_226,NA,226,GTH,NA
AK1,MGTHRXN1_226,NA,226,GTH,NA
AK5,MGTHTXN1_226,NA,226,GTH,NA
AH10,MGTREFCLK0P_226,NA,226,GTH,NA
AH9,MGTREFCLK0N_226,NA,226,GTH,NA
AL8,MGTHTXP0_226,NA,226,GTH,NA
AL4,MGTHRXP0_226,NA,226,GTH,NA
AL3,MGTHRXN0_226,NA,226,GTH,NA
AL7,MGTHTXN0_226,NA,226,GTH,NA
AD6,MGTHTXP3_227,NA,227,GTH,NA
AC4,MGTHRXP3_227,NA,227,GTH,NA
AC3,MGTHRXN3_227,NA,227,GTH,NA
AD5,MGTHTXN3_227,NA,227,GTH,NA
AC8,MGTREFCLK1P_227,NA,227,GTH,NA
AC7,MGTREFCLK1N_227,NA,227,GTH,NA
AE4,MGTHTXP2_227,NA,227,GTH,NA
AD2,MGTHRXP2_227,NA,227,GTH,NA
AD1,MGTHRXN2_227,NA,227,GTH,NA
AE3,MGTHTXN2_227,NA,227,GTH,NA
AF6,MGTHTXP1_227,NA,227,GTH,NA
AF2,MGTHRXP1_227,NA,227,GTH,NA
AF1,MGTHRXN1_227,NA,227,GTH,NA
AF5,MGTHTXN1_227,NA,227,GTH,NA
AE8,MGTREFCLK0P_227,NA,227,GTH,NA
AE7,MGTREFCLK0N_227,NA,227,GTH,NA
AG8,MGTHTXP0_227,NA,227,GTH,NA
AG4,MGTHRXP0_227,NA,227,GTH,NA
AG3,MGTHRXN0_227,NA,227,GTH,NA
AG7,MGTHTXN0_227,NA,227,GTH,NA
V6,MGTHTXP3_228,NA,228,GTH,NA
V2,MGTHRXP3_228,NA,228,GTH,NA
V1,MGTHRXN3_228,NA,228,GTH,NA
V5,MGTHTXN3_228,NA,228,GTH,NA
W8,MGTREFCLK1P_228,NA,228,GTH,NA
W7,MGTREFCLK1N_228,NA,228,GTH,NA
Y6,MGTHTXP2_228,NA,228,GTH,NA
W4,MGTHRXP2_228,NA,228,GTH,NA
W3,MGTHRXN2_228,NA,228,GTH,NA
Y5,MGTHTXN2_228,NA,228,GTH,NA
AA4,MGTHTXP1_228,NA,228,GTH,NA
Y2,MGTHRXP1_228,NA,228,GTH,NA
Y1,MGTHRXN1_228,NA,228,GTH,NA
AA3,MGTHTXN1_228,NA,228,GTH,NA
AA8,MGTREFCLK0P_228,NA,228,GTH,NA
AA7,MGTREFCLK0N_228,NA,228,GTH,NA
AB6,MGTHTXP0_228,NA,228,GTH,NA
AB2,MGTHRXP0_228,NA,228,GTH,NA
AB1,MGTHRXN0_228,NA,228,GTH,NA
AB5,MGTHTXN0_228,NA,228,GTH,NA
AB34,MGTAVCC_L,NA,NA,NA,NA
AC32,MGTAVCC_L,NA,NA,NA,NA
AD34,MGTAVCC_L,NA,NA,NA,NA
AE32,MGTAVCC_L,NA,NA,NA,NA
AF34,MGTAVCC_L,NA,NA,NA,NA
P34,MGTAVCC_L,NA,NA,NA,NA
R32,MGTAVCC_L,NA,NA,NA,NA
T34,MGTAVCC_L,NA,NA,NA,NA
U32,MGTAVCC_L,NA,NA,NA,NA
V34,MGTAVCC_L,NA,NA,NA,NA
Y34,MGTAVCC_L,NA,NA,NA,NA
B8,MGTAVCC_RN,NA,NA,NA,NA
C6,MGTAVCC_RN,NA,NA,NA,NA
D8,MGTAVCC_RN,NA,NA,NA,NA
E6,MGTAVCC_RN,NA,NA,NA,NA
F8,MGTAVCC_RN,NA,NA,NA,NA
G6,MGTAVCC_RN,NA,NA,NA,NA
H8,MGTAVCC_RN,NA,NA,NA,NA
J6,MGTAVCC_RN,NA,NA,NA,NA
K8,MGTAVCC_RN,NA,NA,NA,NA
L6,MGTAVCC_RN,NA,NA,NA,NA
M8,MGTAVCC_RN,NA,NA,NA,NA
N6,MGTAVCC_RN,NA,NA,NA,NA
P8,MGTAVCC_RN,NA,NA,NA,NA
R6,MGTAVCC_RN,NA,NA,NA,NA
U6,MGTAVCC_RN,NA,NA,NA,NA
AA6,MGTAVCC_RS,NA,NA,NA,NA
AC6,MGTAVCC_RS,NA,NA,NA,NA
AE6,MGTAVCC_RS,NA,NA,NA,NA
AF8,MGTAVCC_RS,NA,NA,NA,NA
AG6,MGTAVCC_RS,NA,NA,NA,NA
AH8,MGTAVCC_RS,NA,NA,NA,NA
AJ6,MGTAVCC_RS,NA,NA,NA,NA
AK8,MGTAVCC_RS,NA,NA,NA,NA
AL6,MGTAVCC_RS,NA,NA,NA,NA
AM8,MGTAVCC_RS,NA,NA,NA,NA
AN6,MGTAVCC_RS,NA,NA,NA,NA
AP8,MGTAVCC_RS,NA,NA,NA,NA
AR6,MGTAVCC_RS,NA,NA,NA,NA
AT8,MGTAVCC_RS,NA,NA,NA,NA
AU6,MGTAVCC_RS,NA,NA,NA,NA
AV8,MGTAVCC_RS,NA,NA,NA,NA
W6,MGTAVCC_RS,NA,NA,NA,NA
AA36,MGTAVTT_L,NA,NA,NA,NA
AB38,MGTAVTT_L,NA,NA,NA,NA
AC36,MGTAVTT_L,NA,NA,NA,NA
AD38,MGTAVTT_L,NA,NA,NA,NA
AE36,MGTAVTT_L,NA,NA,NA,NA
AF38,MGTAVTT_L,NA,NA,NA,NA
AG36,MGTAVTT_L,NA,NA,NA,NA
N36,MGTAVTT_L,NA,NA,NA,NA
P38,MGTAVTT_L,NA,NA,NA,NA
R36,MGTAVTT_L,NA,NA,NA,NA
T38,MGTAVTT_L,NA,NA,NA,NA
U36,MGTAVTT_L,NA,NA,NA,NA
V38,MGTAVTT_L,NA,NA,NA,NA
W36,MGTAVTT_L,NA,NA,NA,NA
B4,MGTAVTT_RN,NA,NA,NA,NA
C2,MGTAVTT_RN,NA,NA,NA,NA
D4,MGTAVTT_RN,NA,NA,NA,NA
E2,MGTAVTT_RN,NA,NA,NA,NA
F4,MGTAVTT_RN,NA,NA,NA,NA
G2,MGTAVTT_RN,NA,NA,NA,NA
H4,MGTAVTT_RN,NA,NA,NA,NA
J2,MGTAVTT_RN,NA,NA,NA,NA
K4,MGTAVTT_RN,NA,NA,NA,NA
L2,MGTAVTT_RN,NA,NA,NA,NA
M4,MGTAVTT_RN,NA,NA,NA,NA
N2,MGTAVTT_RN,NA,NA,NA,NA
P4,MGTAVTT_RN,NA,NA,NA,NA
R2,MGTAVTT_RN,NA,NA,NA,NA
T4,MGTAVTT_RN,NA,NA,NA,NA
U2,MGTAVTT_RN,NA,NA,NA,NA
AA2,MGTAVTT_RS,NA,NA,NA,NA
AB4,MGTAVTT_RS,NA,NA,NA,NA
AC2,MGTAVTT_RS,NA,NA,NA,NA
AD4,MGTAVTT_RS,NA,NA,NA,NA
AE2,MGTAVTT_RS,NA,NA,NA,NA
AF4,MGTAVTT_RS,NA,NA,NA,NA
AG2,MGTAVTT_RS,NA,NA,NA,NA
AH4,MGTAVTT_RS,NA,NA,NA,NA
AJ2,MGTAVTT_RS,NA,NA,NA,NA
AK4,MGTAVTT_RS,NA,NA,NA,NA
AL2,MGTAVTT_RS,NA,NA,NA,NA
AM4,MGTAVTT_RS,NA,NA,NA,NA
AN2,MGTAVTT_RS,NA,NA,NA,NA
AP4,MGTAVTT_RS,NA,NA,NA,NA
AR2,MGTAVTT_RS,NA,NA,NA,NA
AT4,MGTAVTT_RS,NA,NA,NA,NA
AU2,MGTAVTT_RS,NA,NA,NA,NA
AV4,MGTAVTT_RS,NA,NA,NA,NA
V4,MGTAVTT_RS,NA,NA,NA,NA
W2,MGTAVTT_RS,NA,NA,NA,NA
Y4,MGTAVTT_RS,NA,NA,NA,NA
AA32,MGTVCCAUX_L,NA,NA,NA,NA
W32,MGTVCCAUX_L,NA,NA,NA,NA
T8,MGTVCCAUX_RN,NA,NA,NA,NA
V8,MGTVCCAUX_RN,NA,NA,NA,NA
AB8,MGTVCCAUX_RS,NA,NA,NA,NA
AD8,MGTVCCAUX_RS,NA,NA,NA,NA
A5,GND,NA,NA,NA,NA
A6,GND,NA,NA,NA,NA
A9,GND,NA,NA,NA,NA
A10,GND,NA,NA,NA,NA
A11,GND,NA,NA,NA,NA
A21,GND,NA,NA,NA,NA
A31,GND,NA,NA,NA,NA
AA1,GND,NA,NA,NA,NA
AA5,GND,NA,NA,NA,NA
AA13,GND,NA,NA,NA,NA
AA17,GND,NA,NA,NA,NA
AA19,GND,NA,NA,NA,NA
AA21,GND,NA,NA,NA,NA
AA23,GND,NA,NA,NA,NA
AA25,GND,NA,NA,NA,NA
AA27,GND,NA,NA,NA,NA
AA29,GND,NA,NA,NA,NA
AA31,GND,NA,NA,NA,NA
AA33,GND,NA,NA,NA,NA
AA37,GND,NA,NA,NA,NA
AB3,GND,NA,NA,NA,NA
AB7,GND,NA,NA,NA,NA
AB10,GND,NA,NA,NA,NA
AB12,GND,NA,NA,NA,NA
AB14,GND,NA,NA,NA,NA
AB18,GND,NA,NA,NA,NA
AB20,GND,NA,NA,NA,NA
AB22,GND,NA,NA,NA,NA
AB24,GND,NA,NA,NA,NA
AB26,GND,NA,NA,NA,NA
AB28,GND,NA,NA,NA,NA
AB30,GND,NA,NA,NA,NA
AB31,GND,NA,NA,NA,NA
AB35,GND,NA,NA,NA,NA
AB39,GND,NA,NA,NA,NA
AC1,GND,NA,NA,NA,NA
AC5,GND,NA,NA,NA,NA
AC13,GND,NA,NA,NA,NA
AC15,GND,NA,NA,NA,NA
AC17,GND,NA,NA,NA,NA
AC19,GND,NA,NA,NA,NA
AC21,GND,NA,NA,NA,NA
AC23,GND,NA,NA,NA,NA
AC25,GND,NA,NA,NA,NA
AC27,GND,NA,NA,NA,NA
AC29,GND,NA,NA,NA,NA
AC31,GND,NA,NA,NA,NA
AC33,GND,NA,NA,NA,NA
AC37,GND,NA,NA,NA,NA
AD3,GND,NA,NA,NA,NA
AD7,GND,NA,NA,NA,NA
AD12,GND,NA,NA,NA,NA
AD22,GND,NA,NA,NA,NA
AD30,GND,NA,NA,NA,NA
AD31,GND,NA,NA,NA,NA
AD35,GND,NA,NA,NA,NA
AD39,GND,NA,NA,NA,NA
AE1,GND,NA,NA,NA,NA
AE5,GND,NA,NA,NA,NA
AE9,GND,NA,NA,NA,NA
AE10,GND,NA,NA,NA,NA
AE19,GND,NA,NA,NA,NA
AE29,GND,NA,NA,NA,NA
AE31,GND,NA,NA,NA,NA
AE33,GND,NA,NA,NA,NA
AE37,GND,NA,NA,NA,NA
AF3,GND,NA,NA,NA,NA
AF7,GND,NA,NA,NA,NA
AF16,GND,NA,NA,NA,NA
AF26,GND,NA,NA,NA,NA
AF31,GND,NA,NA,NA,NA
AF35,GND,NA,NA,NA,NA
AF39,GND,NA,NA,NA,NA
AG1,GND,NA,NA,NA,NA
AG5,GND,NA,NA,NA,NA
AG9,GND,NA,NA,NA,NA
AG10,GND,NA,NA,NA,NA
AG13,GND,NA,NA,NA,NA
AG23,GND,NA,NA,NA,NA
AG31,GND,NA,NA,NA,NA
AG32,GND,NA,NA,NA,NA
AG33,GND,NA,NA,NA,NA
AG37,GND,NA,NA,NA,NA
AH3,GND,NA,NA,NA,NA
AH7,GND,NA,NA,NA,NA
AH11,GND,NA,NA,NA,NA
AH20,GND,NA,NA,NA,NA
AH30,GND,NA,NA,NA,NA
AH33,GND,NA,NA,NA,NA
AH34,GND,NA,NA,NA,NA
AH35,GND,NA,NA,NA,NA
AH38,GND,NA,NA,NA,NA
AH39,GND,NA,NA,NA,NA
AJ1,GND,NA,NA,NA,NA
AJ5,GND,NA,NA,NA,NA
AJ9,GND,NA,NA,NA,NA
AJ10,GND,NA,NA,NA,NA
AJ11,GND,NA,NA,NA,NA
AJ17,GND,NA,NA,NA,NA
AJ27,GND,NA,NA,NA,NA
AJ35,GND,NA,NA,NA,NA
AJ36,GND,NA,NA,NA,NA
AJ37,GND,NA,NA,NA,NA
AJ38,GND,NA,NA,NA,NA
AK3,GND,NA,NA,NA,NA
AK7,GND,NA,NA,NA,NA
AK11,GND,NA,NA,NA,NA
AK14,GND,NA,NA,NA,NA
AK24,GND,NA,NA,NA,NA
AK34,GND,NA,NA,NA,NA
AL1,GND,NA,NA,NA,NA
AL5,GND,NA,NA,NA,NA
AL9,GND,NA,NA,NA,NA
AL10,GND,NA,NA,NA,NA
AL11,GND,NA,NA,NA,NA
AL21,GND,NA,NA,NA,NA
AL31,GND,NA,NA,NA,NA
AM3,GND,NA,NA,NA,NA
AM7,GND,NA,NA,NA,NA
AM11,GND,NA,NA,NA,NA
AM18,GND,NA,NA,NA,NA
AM28,GND,NA,NA,NA,NA
AM38,GND,NA,NA,NA,NA
AN1,GND,NA,NA,NA,NA
AN5,GND,NA,NA,NA,NA
AN9,GND,NA,NA,NA,NA
AN10,GND,NA,NA,NA,NA
AN11,GND,NA,NA,NA,NA
AN15,GND,NA,NA,NA,NA
AN25,GND,NA,NA,NA,NA
AN35,GND,NA,NA,NA,NA
AP3,GND,NA,NA,NA,NA
AP7,GND,NA,NA,NA,NA
AP11,GND,NA,NA,NA,NA
AP12,GND,NA,NA,NA,NA
AP22,GND,NA,NA,NA,NA
AP32,GND,NA,NA,NA,NA
AR1,GND,NA,NA,NA,NA
AR5,GND,NA,NA,NA,NA
AR9,GND,NA,NA,NA,NA
AR10,GND,NA,NA,NA,NA
AR11,GND,NA,NA,NA,NA
AR19,GND,NA,NA,NA,NA
AR29,GND,NA,NA,NA,NA
AR39,GND,NA,NA,NA,NA
AT3,GND,NA,NA,NA,NA
AT7,GND,NA,NA,NA,NA
AT11,GND,NA,NA,NA,NA
AT16,GND,NA,NA,NA,NA
AT26,GND,NA,NA,NA,NA
AT36,GND,NA,NA,NA,NA
AU1,GND,NA,NA,NA,NA
AU5,GND,NA,NA,NA,NA
AU9,GND,NA,NA,NA,NA
AU10,GND,NA,NA,NA,NA
AU11,GND,NA,NA,NA,NA
AU13,GND,NA,NA,NA,NA
AU23,GND,NA,NA,NA,NA
AU33,GND,NA,NA,NA,NA
AV3,GND,NA,NA,NA,NA
AV7,GND,NA,NA,NA,NA
AV11,GND,NA,NA,NA,NA
AV20,GND,NA,NA,NA,NA
AV30,GND,NA,NA,NA,NA
AW5,GND,NA,NA,NA,NA
AW6,GND,NA,NA,NA,NA
AW9,GND,NA,NA,NA,NA
AW10,GND,NA,NA,NA,NA
AW11,GND,NA,NA,NA,NA
AW17,GND,NA,NA,NA,NA
AW27,GND,NA,NA,NA,NA
AW37,GND,NA,NA,NA,NA
B3,GND,NA,NA,NA,NA
B7,GND,NA,NA,NA,NA
B11,GND,NA,NA,NA,NA
B18,GND,NA,NA,NA,NA
B28,GND,NA,NA,NA,NA
B38,GND,NA,NA,NA,NA
C1,GND,NA,NA,NA,NA
C5,GND,NA,NA,NA,NA
C9,GND,NA,NA,NA,NA
C10,GND,NA,NA,NA,NA
C11,GND,NA,NA,NA,NA
C15,GND,NA,NA,NA,NA
C25,GND,NA,NA,NA,NA
C35,GND,NA,NA,NA,NA
D3,GND,NA,NA,NA,NA
D7,GND,NA,NA,NA,NA
D11,GND,NA,NA,NA,NA
D12,GND,NA,NA,NA,NA
D22,GND,NA,NA,NA,NA
D32,GND,NA,NA,NA,NA
E1,GND,NA,NA,NA,NA
E5,GND,NA,NA,NA,NA
E9,GND,NA,NA,NA,NA
E10,GND,NA,NA,NA,NA
E11,GND,NA,NA,NA,NA
E19,GND,NA,NA,NA,NA
E29,GND,NA,NA,NA,NA
E39,GND,NA,NA,NA,NA
F3,GND,NA,NA,NA,NA
F7,GND,NA,NA,NA,NA
F11,GND,NA,NA,NA,NA
F16,GND,NA,NA,NA,NA
F26,GND,NA,NA,NA,NA
F36,GND,NA,NA,NA,NA
G1,GND,NA,NA,NA,NA
G5,GND,NA,NA,NA,NA
G9,GND,NA,NA,NA,NA
G10,GND,NA,NA,NA,NA
G11,GND,NA,NA,NA,NA
G13,GND,NA,NA,NA,NA
G23,GND,NA,NA,NA,NA
G33,GND,NA,NA,NA,NA
H3,GND,NA,NA,NA,NA
H7,GND,NA,NA,NA,NA
H11,GND,NA,NA,NA,NA
H20,GND,NA,NA,NA,NA
H30,GND,NA,NA,NA,NA
J1,GND,NA,NA,NA,NA
J5,GND,NA,NA,NA,NA
J9,GND,NA,NA,NA,NA
J10,GND,NA,NA,NA,NA
J11,GND,NA,NA,NA,NA
J17,GND,NA,NA,NA,NA
J27,GND,NA,NA,NA,NA
J37,GND,NA,NA,NA,NA
K3,GND,NA,NA,NA,NA
K7,GND,NA,NA,NA,NA
K11,GND,NA,NA,NA,NA
K14,GND,NA,NA,NA,NA
K24,GND,NA,NA,NA,NA
K34,GND,NA,NA,NA,NA
L1,GND,NA,NA,NA,NA
L5,GND,NA,NA,NA,NA
L9,GND,NA,NA,NA,NA
L10,GND,NA,NA,NA,NA
L11,GND,NA,NA,NA,NA
L21,GND,NA,NA,NA,NA
L31,GND,NA,NA,NA,NA
M3,GND,NA,NA,NA,NA
M7,GND,NA,NA,NA,NA
M11,GND,NA,NA,NA,NA
M18,GND,NA,NA,NA,NA
M28,GND,NA,NA,NA,NA
M33,GND,NA,NA,NA,NA
M34,GND,NA,NA,NA,NA
M35,GND,NA,NA,NA,NA
M36,GND,NA,NA,NA,NA
M37,GND,NA,NA,NA,NA
M38,GND,NA,NA,NA,NA
M39,GND,NA,NA,NA,NA
N1,GND,NA,NA,NA,NA
N5,GND,NA,NA,NA,NA
N9,GND,NA,NA,NA,NA
N10,GND,NA,NA,NA,NA
N11,GND,NA,NA,NA,NA
N15,GND,NA,NA,NA,NA
N25,GND,NA,NA,NA,NA
N31,GND,NA,NA,NA,NA
N32,GND,NA,NA,NA,NA
N33,GND,NA,NA,NA,NA
N37,GND,NA,NA,NA,NA
P3,GND,NA,NA,NA,NA
P7,GND,NA,NA,NA,NA
P12,GND,NA,NA,NA,NA
P22,GND,NA,NA,NA,NA
P31,GND,NA,NA,NA,NA
P35,GND,NA,NA,NA,NA
P39,GND,NA,NA,NA,NA
R1,GND,NA,NA,NA,NA
R5,GND,NA,NA,NA,NA
R9,GND,NA,NA,NA,NA
R10,GND,NA,NA,NA,NA
R19,GND,NA,NA,NA,NA
R29,GND,NA,NA,NA,NA
R31,GND,NA,NA,NA,NA
R33,GND,NA,NA,NA,NA
R37,GND,NA,NA,NA,NA
T3,GND,NA,NA,NA,NA
T7,GND,NA,NA,NA,NA
T12,GND_SENSE,NA,NA,NA,NA
T14,GND,NA,NA,NA,NA
T16,GND,NA,NA,NA,NA
T26,GND,NA,NA,NA,NA
T31,GND,NA,NA,NA,NA
T35,GND,NA,NA,NA,NA
T39,GND,NA,NA,NA,NA
U1,GND,NA,NA,NA,NA
U5,GND,NA,NA,NA,NA
U13,GND,NA,NA,NA,NA
U15,GND,NA,NA,NA,NA
U17,GND,NA,NA,NA,NA
U19,GND,NA,NA,NA,NA
U21,GND,NA,NA,NA,NA
U23,GND,NA,NA,NA,NA
U25,GND,NA,NA,NA,NA
U27,GND,NA,NA,NA,NA
U29,GND,NA,NA,NA,NA
U31,GND,NA,NA,NA,NA
U33,GND,NA,NA,NA,NA
U37,GND,NA,NA,NA,NA
V3,GND,NA,NA,NA,NA
V7,GND,NA,NA,NA,NA
V10,GND,NA,NA,NA,NA
V12,GND,NA,NA,NA,NA
V14,GND,NA,NA,NA,NA
V16,GND,NA,NA,NA,NA
V18,GND,NA,NA,NA,NA
V20,GND,NA,NA,NA,NA
V22,GND,NA,NA,NA,NA
V24,GND,NA,NA,NA,NA
V26,GND,NA,NA,NA,NA
V28,GND,NA,NA,NA,NA
V30,GND,NA,NA,NA,NA
V31,GND,NA,NA,NA,NA
V35,GND,NA,NA,NA,NA
V39,GND,NA,NA,NA,NA
W1,GND,NA,NA,NA,NA
W5,GND,NA,NA,NA,NA
W13,GND,NA,NA,NA,NA
W17,GND,NA,NA,NA,NA
W19,GND,NA,NA,NA,NA
W21,GND,NA,NA,NA,NA
W23,GND,NA,NA,NA,NA
W25,GND,NA,NA,NA,NA
W27,GND,NA,NA,NA,NA
W29,GND,NA,NA,NA,NA
W31,GND,NA,NA,NA,NA
W33,GND,NA,NA,NA,NA
W37,GND,NA,NA,NA,NA
Y3,GND,NA,NA,NA,NA
Y7,GND,NA,NA,NA,NA
Y8,GND,NA,NA,NA,NA
Y10,GND,NA,NA,NA,NA
Y12,GND,NA,NA,NA,NA
Y14,GND,NA,NA,NA,NA
Y18,GND,NA,NA,NA,NA
Y20,GND,NA,NA,NA,NA
Y22,GND,NA,NA,NA,NA
Y24,GND,NA,NA,NA,NA
Y26,GND,NA,NA,NA,NA
Y28,GND,NA,NA,NA,NA
Y30,GND,NA,NA,NA,NA
Y31,GND,NA,NA,NA,NA
Y35,GND,NA,NA,NA,NA
Y38,GND,NA,NA,NA,NA
Y39,GND,NA,NA,NA,NA
T11,VCCINT,NA,NA,NA,NA
AA12,VCCINT,NA,NA,NA,NA
AA14,VCCINT,NA,NA,NA,NA
AA18,VCCINT,NA,NA,NA,NA
AA20,VCCINT,NA,NA,NA,NA
AA22,VCCINT,NA,NA,NA,NA
AA24,VCCINT,NA,NA,NA,NA
AB13,VCCINT,NA,NA,NA,NA
AB17,VCCINT,NA,NA,NA,NA
AB19,VCCINT,NA,NA,NA,NA
AB21,VCCINT,NA,NA,NA,NA
AB23,VCCINT,NA,NA,NA,NA
AC12,VCCINT,NA,NA,NA,NA
AC14,VCCINT,NA,NA,NA,NA
AC16,VCCINT,NA,NA,NA,NA
AC18,VCCINT,NA,NA,NA,NA
AC20,VCCINT,NA,NA,NA,NA
AC22,VCCINT,NA,NA,NA,NA
AC24,VCCINT,NA,NA,NA,NA
T13,VCCINT_SENSE,NA,NA,NA,NA
T15,VCCINT,NA,NA,NA,NA
U12,VCCINT,NA,NA,NA,NA
U14,VCCINT,NA,NA,NA,NA
U16,VCCINT,NA,NA,NA,NA
U18,VCCINT,NA,NA,NA,NA
U20,VCCINT,NA,NA,NA,NA
U22,VCCINT,NA,NA,NA,NA
U24,VCCINT,NA,NA,NA,NA
V11,VCCINT,NA,NA,NA,NA
V13,VCCINT,NA,NA,NA,NA
V15,VCCINT,NA,NA,NA,NA
V17,VCCINT,NA,NA,NA,NA
V19,VCCINT,NA,NA,NA,NA
V21,VCCINT,NA,NA,NA,NA
V23,VCCINT,NA,NA,NA,NA
V25,VCCINT,NA,NA,NA,NA
W12,VCCINT,NA,NA,NA,NA
W14,VCCINT,NA,NA,NA,NA
W18,VCCINT,NA,NA,NA,NA
W20,VCCINT,NA,NA,NA,NA
W22,VCCINT,NA,NA,NA,NA
W24,VCCINT,NA,NA,NA,NA
Y11,VCCINT,NA,NA,NA,NA
Y13,VCCINT,NA,NA,NA,NA
Y17,VCCINT,NA,NA,NA,NA
Y19,VCCINT,NA,NA,NA,NA
Y21,VCCINT,NA,NA,NA,NA
Y23,VCCINT,NA,NA,NA,NA
Y25,VCCINT,NA,NA,NA,NA
AA26,VCCINT,NA,NA,NA,NA
AB25,VCCINT,NA,NA,NA,NA
AC26,VCCINT,NA,NA,NA,NA
U26,VCCINT,NA,NA,NA,NA
W26,VCCINT,NA,NA,NA,NA
AA30,VCCAUX,NA,NA,NA,NA
AC30,VCCAUX,NA,NA,NA,NA
T29,VCCAUX,NA,NA,NA,NA
U30,VCCAUX,NA,NA,NA,NA
W30,VCCAUX,NA,NA,NA,NA
AB27,VCCAUX_IO,NA,NA,NA,NA
T27,VCCAUX_IO,NA,NA,NA,NA
U28,VCCAUX_IO,NA,NA,NA,NA
V27,VCCAUX_IO,NA,NA,NA,NA
Y27,VCCAUX_IO,NA,NA,NA,NA
AA28,VCCAUX_IO,NA,NA,NA,NA
AB29,VCCAUX_IO,NA,NA,NA,NA
AC28,VCCAUX_IO,NA,NA,NA,NA
AD29,VCCAUX_IO,NA,NA,NA,NA
V29,VCCAUX_IO,NA,NA,NA,NA
W28,VCCAUX_IO,NA,NA,NA,NA
Y29,VCCAUX_IO,NA,NA,NA,NA
AB11,VCCO_0,NA,0,NA,NA
AD11,VCCO_0,NA,0,NA,NA
AG28,VCCO_24,NA,24,NA,NA
AJ32,VCCO_24,NA,24,NA,NA
AK29,VCCO_24,NA,24,NA,NA
AM33,VCCO_24,NA,24,NA,NA
AN30,VCCO_24,NA,24,NA,NA
AT31,VCCO_24,NA,24,NA,NA
AW32,VCCO_24,NA,24,NA,NA
AK39,VCCO_25,NA,25,NA,NA
AL36,VCCO_25,NA,25,NA,NA
AP37,VCCO_25,NA,25,NA,NA
AR34,VCCO_25,NA,25,NA,NA
AU38,VCCO_25,NA,25,NA,NA
AV35,VCCO_25,NA,25,NA,NA
AF21,VCCO_44,NA,44,NA,NA
AJ22,VCCO_44,NA,44,NA,NA
AM23,VCCO_44,NA,44,NA,NA
AN20,VCCO_44,NA,44,NA,NA
AR24,VCCO_44,NA,44,NA,NA
AT21,VCCO_44,NA,44,NA,NA
AW22,VCCO_44,NA,44,NA,NA
AD27,VCCO_45,NA,45,NA,NA
AE24,VCCO_45,NA,45,NA,NA
AH25,VCCO_45,NA,45,NA,NA
AL26,VCCO_45,NA,45,NA,NA
AP27,VCCO_45,NA,45,NA,NA
AU28,VCCO_45,NA,45,NA,NA
AV25,VCCO_45,NA,45,NA,NA
A36,VCCO_46,NA,46,NA,NA
D37,VCCO_46,NA,46,NA,NA
E34,VCCO_46,NA,46,NA,NA
G38,VCCO_46,NA,46,NA,NA
H35,VCCO_46,NA,46,NA,NA
K39,VCCO_46,NA,46,NA,NA
L36,VCCO_46,NA,46,NA,NA
B33,VCCO_47,NA,47,NA,NA
C30,VCCO_47,NA,47,NA,NA
F31,VCCO_47,NA,47,NA,NA
J32,VCCO_47,NA,47,NA,NA
K29,VCCO_47,NA,47,NA,NA
N30,VCCO_47,NA,47,NA,NA
A26,VCCO_48,NA,48,NA,NA
D27,VCCO_48,NA,48,NA,NA
G28,VCCO_48,NA,48,NA,NA
H25,VCCO_48,NA,48,NA,NA
L26,VCCO_48,NA,48,NA,NA
P27,VCCO_48,NA,48,NA,NA
R24,VCCO_48,NA,48,NA,NA
AD17,VCCO_64,NA,64,NA,NA
AG18,VCCO_64,NA,64,NA,NA
AK19,VCCO_64,NA,64,NA,NA
AL16,VCCO_64,NA,64,NA,NA
AP17,VCCO_64,NA,64,NA,NA
AU18,VCCO_64,NA,64,NA,NA
AE14,VCCO_65,NA,65,NA,NA
AH15,VCCO_65,NA,65,NA,NA
AJ12,VCCO_65,NA,65,NA,NA
AM13,VCCO_65,NA,65,NA,NA
AR14,VCCO_65,NA,65,NA,NA
AV15,VCCO_65,NA,65,NA,NA
AW12,VCCO_65,NA,65,NA,NA
A16,VCCO_66,NA,66,NA,NA
B13,VCCO_66,NA,66,NA,NA
E14,VCCO_66,NA,66,NA,NA
H15,VCCO_66,NA,66,NA,NA
J12,VCCO_66,NA,66,NA,NA
M13,VCCO_66,NA,66,NA,NA
R14,VCCO_66,NA,66,NA,NA
C20,VCCO_67,NA,67,NA,NA
D17,VCCO_67,NA,67,NA,NA
G18,VCCO_67,NA,67,NA,NA
K19,VCCO_67,NA,67,NA,NA
L16,VCCO_67,NA,67,NA,NA
P17,VCCO_67,NA,67,NA,NA
B23,VCCO_68,NA,68,NA,NA
E24,VCCO_68,NA,68,NA,NA
F21,VCCO_68,NA,68,NA,NA
J22,VCCO_68,NA,68,NA,NA
M23,VCCO_68,NA,68,NA,NA
N20,VCCO_68,NA,68,NA,NA
T21,VCCO_68,NA,68,NA,NA
AA10,VCCBRAM,NA,NA,NA,NA
AC10,VCCBRAM,NA,NA,NA,NA
U10,VCCBRAM,NA,NA,NA,NA
W10,VCCBRAM,NA,NA,NA,NA
A3,NC,NA,NA,NA,NA
A4,NC,NA,NA,NA,NA
A7,NC,NA,NA,NA,NA
A8,NC,NA,NA,NA,NA
B2,NC,NA,NA,NA,NA
B5,NC,NA,NA,NA,NA
B6,NC,NA,NA,NA,NA
B9,NC,NA,NA,NA,NA
B10,NC,NA,NA,NA,NA
C3,NC,NA,NA,NA,NA
C4,NC,NA,NA,NA,NA
C7,NC,NA,NA,NA,NA
C8,NC,NA,NA,NA,NA
D1,NC,NA,NA,NA,NA
D2,NC,NA,NA,NA,NA
D5,NC,NA,NA,NA,NA
D6,NC,NA,NA,NA,NA
D9,NC,NA,NA,NA,NA
D10,NC,NA,NA,NA,NA
E3,NC,NA,NA,NA,NA
E4,NC,NA,NA,NA,NA
E7,NC,NA,NA,NA,NA
E8,NC,NA,NA,NA,NA
F1,NC,NA,NA,NA,NA
F2,NC,NA,NA,NA,NA
F5,NC,NA,NA,NA,NA
F6,NC,NA,NA,NA,NA
F9,NC,NA,NA,NA,NA
F10,NC,NA,NA,NA,NA
G3,NC,NA,NA,NA,NA
G4,NC,NA,NA,NA,NA
G7,NC,NA,NA,NA,NA
G8,NC,NA,NA,NA,NA
H1,NC,NA,NA,NA,NA
H2,NC,NA,NA,NA,NA
H5,NC,NA,NA,NA,NA
H6,NC,NA,NA,NA,NA
H9,NC,NA,NA,NA,NA
H10,NC,NA,NA,NA,NA
J3,NC,NA,NA,NA,NA
J4,NC,NA,NA,NA,NA
J7,NC,NA,NA,NA,NA
J8,NC,NA,NA,NA,NA
K1,NC,NA,NA,NA,NA
K2,NC,NA,NA,NA,NA
K5,NC,NA,NA,NA,NA
K6,NC,NA,NA,NA,NA
K9,NC,NA,NA,NA,NA
K10,NC,NA,NA,NA,NA
L3,NC,NA,NA,NA,NA
L4,NC,NA,NA,NA,NA
L7,NC,NA,NA,NA,NA
L8,NC,NA,NA,NA,NA
M1,NC,NA,NA,NA,NA
M2,NC,NA,NA,NA,NA
M5,NC,NA,NA,NA,NA
M6,NC,NA,NA,NA,NA
M9,NC,NA,NA,NA,NA
M10,NC,NA,NA,NA,NA
N3,NC,NA,NA,NA,NA
N4,NC,NA,NA,NA,NA
N7,NC,NA,NA,NA,NA
N8,NC,NA,NA,NA,NA
P1,NC,NA,NA,NA,NA
P2,NC,NA,NA,NA,NA
P5,NC,NA,NA,NA,NA
P6,NC,NA,NA,NA,NA
P9,NC,NA,NA,NA,NA
P10,NC,NA,NA,NA,NA
R3,NC,NA,NA,NA,NA
R4,NC,NA,NA,NA,NA
R7,NC,NA,NA,NA,NA
R8,NC,NA,NA,NA,NA
T5,NC,NA,NA,NA,NA
T6,NC,NA,NA,NA,NA
U3,NC,NA,NA,NA,NA
U4,NC,NA,NA,NA,NA
U7,NC,NA,NA,NA,NA
U8,NC,NA,NA,NA,NA
AV2,NC,NA,NA,NA,NA
,,,,,
Total Number of Pins, 1509,,,,,
